,mean_shap,abs_mean_shap,std_shap,count,class_dist
 やす,0.24005549866751608,0.24005549866751608,0.14193901592739688,4,"{0: 0, 1: 2, 2: 2}"
 よかっ,0.16692320237303648,0.16692320237303648,0.14158403213117707,5,"{0: 0, 1: 2, 2: 3}"
 わかっ,0.10145056611023999,0.10145056611023999,0.0659497759240714,3,"{0: 0, 1: 2, 2: 1}"
 でき,0.09633143800970316,0.09760277573576163,0.10267918819716927,19,"{0: 4, 1: 5, 2: 10}"
 学,0.07744089324066104,0.07744089324066104,0.07494657747397053,3,"{0: 0, 1: 2, 2: 1}"
 大切,0.07226489960885374,0.07521231559561177,0.054251975642738114,3,"{0: 0, 1: 2, 2: 1}"
 学び,0.044528026325375926,0.044528026325375926,0.05245342398953362,3,"{0: 0, 1: 1, 2: 2}"
 取り組む,0.039205857102691276,0.039205857102691276,0.01782760777957085,3,"{0: 0, 1: 2, 2: 1}"
かっ,0.03744946250917565,0.03752536189422244,0.04725042863813487,10,"{0: 5, 1: 2, 2: 3}"
 わかり,0.03291695761836309,0.0355404595949949,0.03279000163215143,5,"{0: 1, 1: 1, 2: 3}"
 学ぶ,0.032303507740531735,0.032303507740531735,0.02909658906001542,3,"{0: 0, 1: 1, 2: 2}"
 まし,0.030466329387237565,0.030608894397687485,0.06595937707736645,18,"{0: 6, 1: 5, 2: 7}"
 分かり,0.02953039806607194,0.03095838158742481,0.03464155433587469,8,"{0: 4, 1: 4, 2: 0}"
 た,0.026549353183272697,0.02670607885774516,0.043332237543956875,164,"{0: 50, 1: 64, 2: 50}"
 すれ,0.023162143828055076,0.02399370836868305,0.017345374804070286,3,"{0: 1, 1: 2, 2: 0}"
 学ん,0.020359597899108465,0.020359597899108465,0.00986458948587365,3,"{0: 1, 1: 1, 2: 1}"
 変化,0.02000852229927356,0.023169311655995745,0.01916337393377767,3,"{0: 0, 1: 2, 2: 1}"
 言語,0.019596103382355068,0.022254479146795347,0.03291600124457493,4,"{0: 0, 1: 3, 2: 1}"
 もの,0.01930083382164109,0.01930083382164109,0.022950388568394837,3,"{0: 0, 1: 3, 2: 0}"
 説明,0.019251189550232084,0.02440549281836866,0.03017418713545277,5,"{0: 3, 1: 1, 2: 1}"
 作る,0.01798523469794115,0.01834306704768096,0.025814507715394508,3,"{0: 0, 1: 2, 2: 1}"
 知ら,0.017044712396454997,0.018883062638148356,0.0178287471493854,3,"{0: 0, 1: 0, 2: 3}"
 勧め,0.01682782442488436,0.01682782442488436,0.0034271678268500377,3,"{0: 1, 1: 2, 2: 0}"
 取り組み,0.016716244903363986,0.016716244903363986,0.013666759945777242,3,"{0: 0, 1: 1, 2: 2}"
 出来,0.016554354936374693,0.02023541859045963,0.0410441289375501,8,"{0: 3, 1: 2, 2: 3}"
 もらえ,0.01595062146100935,0.017726263127133147,0.01938968416352053,3,"{0: 1, 1: 1, 2: 1}"
 受け,0.01566425198871002,0.01566425198871002,0.008604508452738302,3,"{0: 1, 1: 1, 2: 1}"
 !,0.015135447984997349,0.020155107976373453,0.021164985292883583,8,"{0: 0, 1: 6, 2: 2}"
 何,0.014950396189669845,0.015351639008440544,0.02329738015657673,5,"{0: 1, 1: 2, 2: 2}"
 実験,0.014714506140990125,0.020156250387117325,0.031936179150014926,4,"{0: 0, 1: 3, 2: 1}"
 理解,0.014661922356993713,0.018340951697400753,0.027182633979516962,31,"{0: 8, 1: 18, 2: 5}"
 思う,0.014571222568130386,0.018925388315914286,0.03381664891532489,7,"{0: 0, 1: 5, 2: 2}"
 重要,0.014274227195736395,0.014435942154185404,0.02712467212815897,5,"{0: 2, 1: 3, 2: 0}"
 いる,0.01349979204574733,0.01646163411091298,0.03675999544139634,16,"{0: 5, 1: 10, 2: 1}"
 頑,0.012265021352872319,0.012784636142455522,0.027189599289579588,9,"{0: 1, 1: 8, 2: 0}"
れ,0.012121354127884842,0.012121354127884842,0.008712048609559497,4,"{0: 0, 1: 4, 2: 0}"
 問題,0.01179736326503189,0.01613607280251017,0.0322489441743706,6,"{0: 3, 1: 3, 2: 0}"
 こと,0.011333045564744872,0.01469315196876767,0.022642902315631545,61,"{0: 11, 1: 30, 2: 20}"
 使う,0.011325841722282348,0.01192613881842893,0.01659101669542911,3,"{0: 0, 1: 2, 2: 1}"
 だっ,0.010936399272980322,0.01376211872431148,0.020066999446320642,14,"{0: 6, 1: 2, 2: 6}"
 いう,0.010764934770486434,0.014720322224820847,0.01536681151225347,5,"{0: 1, 1: 2, 2: 2}"
 的,0.010544880529347142,0.011927304407004999,0.017221147785240323,9,"{0: 0, 1: 4, 2: 5}"
 今,0.010363635514659108,0.010864847394259414,0.013308974272855661,5,"{0: 1, 1: 3, 2: 1}"
 れ,0.009805887864916128,0.01049174501622474,0.012940118078431729,7,"{0: 3, 1: 2, 2: 2}"
 良い,0.009763337546044365,0.01001563496215062,0.011474285188093286,6,"{0: 2, 1: 4, 2: 0}"
 解け,0.009623276828278904,0.015905638069723085,0.020923929357019887,7,"{0: 1, 1: 6, 2: 0}"
 など,0.00950819025924151,0.011923744325160933,0.02003318010272392,10,"{0: 3, 1: 2, 2: 5}"
 プログラム,0.0094817380643993,0.011575887285289355,0.010019665302494356,3,"{0: 0, 1: 1, 2: 2}"
っ,0.008673282339363401,0.009872824776565332,0.013651529797168768,7,"{0: 4, 1: 2, 2: 1}"
 それ,0.008339723649987718,0.009636348755884682,0.012802042884917968,6,"{0: 1, 1: 4, 2: 1}"
 前期,0.008231981293843182,0.008231981293843182,0.0093334756838878,3,"{0: 1, 1: 1, 2: 1}"
 だ,0.007700179727861697,0.009551717778548637,0.013653086052893301,9,"{0: 1, 1: 7, 2: 1}"
 1,0.00758033264329632,0.014289332925597722,0.023472200022309157,7,"{0: 2, 1: 2, 2: 3}"
 も,0.006990178913163105,0.008456165837168144,0.014566169405121197,45,"{0: 10, 1: 24, 2: 11}"
る,0.00689593638582709,0.009839705515492866,0.018905534017756347,9,"{0: 2, 1: 6, 2: 1}"
 最初,0.006259674541979621,0.008793071988293377,0.013793656406889341,4,"{0: 0, 1: 2, 2: 2}"
 講義,0.00597034621344415,0.010662262280793816,0.013774615888405211,20,"{0: 5, 1: 12, 2: 3}"
 この,0.005878468419138543,0.00705640886113254,0.009843838012298083,5,"{0: 1, 1: 3, 2: 1}"
 自分,0.00568024288312093,0.00970344919088954,0.014945084007146937,16,"{0: 4, 1: 8, 2: 4}"
 より,0.00565060200536512,0.007157830962114531,0.008641660283656247,6,"{0: 1, 1: 3, 2: 2}"
 つい,0.005592918666479818,0.016688644748683146,0.02312965510427786,12,"{0: 2, 1: 6, 2: 4}"
 か,0.00546377721164655,0.012347336844977368,0.02860259936689717,28,"{0: 10, 1: 13, 2: 5}"
 生活,0.00539259761262656,0.00539259761262656,0.005862719598210568,3,"{0: 0, 1: 2, 2: 1}"
 思い,0.005012828427794528,0.008029702558119186,0.01126589078380781,20,"{0: 7, 1: 8, 2: 5}"
 な,0.00494182185657261,0.007338596315080284,0.015484807578602242,35,"{0: 12, 1: 13, 2: 10}"
 気,0.0048084019144880585,0.011737371159445805,0.01431654459751089,3,"{0: 0, 1: 3, 2: 0}"
 見,0.0046752321708481755,0.006177022529300302,0.010719506920154626,5,"{0: 2, 1: 2, 2: 1}"
 専門,0.004665002219553571,0.006851565779167383,0.007714424696334965,3,"{0: 0, 1: 2, 2: 1}"
 あり,0.004635296577026045,0.006290909417884427,0.011955278785569075,14,"{0: 4, 1: 5, 2: 5}"
 音声,0.004634711485070713,0.009281325266076439,0.008079349672036834,4,"{0: 1, 1: 0, 2: 3}"
 。,0.004539127477972334,0.006784272093527803,0.015247768363497064,182,"{0: 48, 1: 109, 2: 25}"
 その,0.004433200827591992,0.007085846209622716,0.01233854889589751,11,"{0: 4, 1: 4, 2: 3}"
 ます,0.004322194928365629,0.008570725770659128,0.01248273483392324,36,"{0: 9, 1: 17, 2: 10}"
 欲,0.004160232063592654,0.004160232063592654,0.0036823257127630723,3,"{0: 1, 1: 2, 2: 0}"
 ある,0.004054448132032967,0.0055097598303457404,0.012061143422510594,15,"{0: 6, 1: 7, 2: 2}"
 苦手,0.003957979674305534,0.006381093923846492,0.005335824220898463,5,"{0: 2, 1: 1, 2: 2}"
 、,0.003914501874838876,0.006532802640136921,0.010965693308847713,100,"{0: 28, 1: 48, 2: 24}"
 し,0.003908136072400556,0.006369453301012117,0.01433591507023152,80,"{0: 21, 1: 44, 2: 15}"
り,0.0037590585379803088,0.007630061517071833,0.009487021093830697,3,"{0: 0, 1: 2, 2: 1}"
 です,0.0036619841737299008,0.006013810818101514,0.009440917421309862,36,"{0: 10, 1: 18, 2: 8}"
 全て,0.0034444703542249044,0.008659931845007426,0.010564877670713199,3,"{0: 2, 1: 1, 2: 0}"
 なら,0.003419669274129663,0.006492080901250312,0.007215027910038277,3,"{0: 0, 1: 1, 2: 2}"
 聞い,0.003370637233025782,0.003370637233025782,0.0015066491603824732,3,"{0: 0, 1: 2, 2: 1}"
 は,0.0033246478789633847,0.004837591500506757,0.008837665602439624,85,"{0: 15, 1: 54, 2: 16}"
 いい,0.003199304322628277,0.006323885519404507,0.009618344138639514,16,"{0: 0, 1: 14, 2: 2}"
" ,",0.0030985276168609913,0.0030985276168609913,0.003053431776116033,12,"{0: 0, 1: 0, 2: 12}"
 スライド,0.0030514649248642757,0.01008953895388408,0.015309653471672686,6,"{0: 2, 1: 3, 2: 1}"
 よっ,0.002943408121104262,0.003939381346046705,0.005222796398496527,3,"{0: 1, 1: 2, 2: 0}"
 お,0.002932767904186,0.0061471493387665116,0.009210321314554043,7,"{0: 1, 1: 4, 2: 2}"
 英語,0.002862073063321683,0.010588412062134012,0.012713983505861648,6,"{0: 3, 1: 1, 2: 2}"
 だけ,0.0027401881184704944,0.009766214522884396,0.013947824258093296,14,"{0: 3, 1: 6, 2: 5}"
 が,0.0026557775799783538,0.006407063100732309,0.01189735098552708,189,"{0: 66, 1: 84, 2: 39}"
 多く,0.0025931412774298224,0.007695090288507345,0.008230060667330593,4,"{0: 3, 1: 0, 2: 1}"
 の,0.00259115910552773,0.0058274021087759,0.013804309022385578,209,"{0: 61, 1: 106, 2: 42}"
 同じ,0.002539569275540998,0.005898572449950734,0.007239029401229134,3,"{0: 0, 1: 2, 2: 1}"
 に,0.0024221149303679666,0.005213467753753834,0.009221960264061742,143,"{0: 35, 1: 76, 2: 32}"
 よう,0.002309970227573929,0.0054836122108841,0.01206710823163818,21,"{0: 7, 1: 8, 2: 6}"
 中,0.0022430997887287634,0.0035930494507327953,0.005975744986141923,7,"{0: 4, 1: 1, 2: 2}"
 他,0.0021491974465561725,0.004588144737795119,0.0066777710986229265,4,"{0: 2, 1: 1, 2: 1}"
ば,0.0020813729184737894,0.0029326477473659907,0.0031349075860303286,5,"{0: 0, 1: 5, 2: 0}"
 非常,0.0020426635778676427,0.004806113113318133,0.006855744308126166,4,"{0: 3, 1: 0, 2: 1}"
 事前,0.0020320238703182745,0.007967160370753845,0.008098644721680046,3,"{0: 0, 1: 1, 2: 2}"
 い,0.0018701243556346594,0.0035039575242855653,0.007243348330581215,18,"{0: 10, 1: 6, 2: 2}"
 受ける,0.001828680765053529,0.00436891760606765,0.003992134755001503,3,"{0: 2, 1: 1, 2: 0}"
 と,0.0017579774813068429,0.0048635489119764706,0.008209694052552782,98,"{0: 22, 1: 56, 2: 20}"
 できる,0.0017251070082398262,0.0017251070082398262,0.0011562327975919223,3,"{0: 0, 1: 1, 2: 2}"
 私,0.001631438234695585,0.001631438234695585,0.0013353067396556788,3,"{0: 0, 1: 1, 2: 2}"
 から,0.0016270473723544944,0.005889921103586788,0.010921402494125793,13,"{0: 3, 1: 8, 2: 2}"
 や,0.001407084091087282,0.008078350656309009,0.012078472933667846,11,"{0: 3, 1: 6, 2: 2}"
 対し,0.0013602753497252706,0.0016285331766994204,0.0018110601102806012,5,"{0: 3, 1: 0, 2: 2}"
 内容,0.0013205706854214063,0.008335386074065433,0.01294659340632611,31,"{0: 9, 1: 15, 2: 7}"
 事,0.0012182222371848184,0.0012182222371848184,0.0008181717856752185,3,"{0: 0, 1: 3, 2: 0}"
 さ,0.0012007780299497356,0.0036256652589285155,0.004987219692910037,13,"{0: 6, 1: 1, 2: 6}"
 べき,0.0011692383895933744,0.001639933189835574,0.0021671591250859794,4,"{0: 2, 1: 2, 2: 0}"
 大きな,0.0010488118196008145,0.0022251217193722064,0.0027731701840015936,3,"{0: 2, 1: 0, 2: 1}"
 なく,0.0010177401949497914,0.005431692163456765,0.009162874355945642,11,"{0: 2, 1: 6, 2: 3}"
 で,0.0010118562968262613,0.005751965036673778,0.010150664923352279,118,"{0: 34, 1: 60, 2: 24}"
 ござい,0.000839803324601639,0.003743723796813154,0.004610398045343351,3,"{0: 1, 1: 1, 2: 1}"
 て,0.0006464060354550594,0.005368104217290882,0.009142239833503893,161,"{0: 52, 1: 83, 2: 26}"
 おい,0.0005475481757457601,0.002576532429884537,0.002782324148678405,4,"{0: 1, 1: 2, 2: 1}"
 よく,0.0004985336266448334,0.005156686903622661,0.006231317083809658,3,"{0: 1, 1: 2, 2: 0}"
 ところ,0.00046910551949016127,0.0021374275214232816,0.0024696856544734365,3,"{0: 1, 1: 1, 2: 1}"
 図,0.0004607246693113766,0.003767194711852223,0.004246163898464817,3,"{0: 0, 1: 2, 2: 1}"
 また,0.00035492213308403503,0.0009878834428318055,0.00099376197207001,4,"{0: 0, 1: 1, 2: 3}"
 対面,0.00034374918268335983,0.0020477089341501145,0.0023272397025361157,4,"{0: 1, 1: 2, 2: 1}"
 やる,0.00026059192047493224,0.0007005309926171321,0.0008399260084746893,3,"{0: 0, 1: 3, 2: 0}"
め,0.00025541043517781265,0.0032888900489827697,0.003622723437963651,3,"{0: 1, 1: 1, 2: 1}"
 追い,0.0002464231195820806,0.001313808871297321,0.0013993758673313498,3,"{0: 1, 1: 2, 2: 0}"
い,0.0001283392063366288,0.0008117014164478557,0.0009268875824246547,3,"{0: 0, 1: 3, 2: 0}"
 必要,0.00011249542876612395,0.00872485731379129,0.011332834428046399,5,"{0: 2, 1: 2, 2: 1}"
 なっ,0.00010794073299864213,0.0040347155910461,0.005972190646571642,7,"{0: 3, 1: 3, 2: 1}"
 とても,0.00010279319030814804,0.0033732185381975593,0.00388304526374369,9,"{0: 3, 1: 1, 2: 5}"
 する,7.70954022659186e-05,0.004052138882597236,0.005650851170820595,45,"{0: 10, 1: 26, 2: 9}"
 大学,3.3957696814468363e-06,0.0012519633276042441,0.0013458864129436208,4,"{0: 2, 1: 2, 2: 0}"
 たり,-6.955321092997717e-05,0.0037744890013931987,0.004685176212392617,9,"{0: 2, 1: 6, 2: 1}"
 .,-0.0001569761853536901,0.0033519712227428476,0.00449826249712862,9,"{0: 0, 1: 2, 2: 7}"
 勉強,-0.00016347626099862586,0.0044517195218152965,0.006712468366234643,12,"{0: 1, 1: 10, 2: 1}"
 数学,-0.00018669958923662024,0.0025849988967214205,0.002858439765204792,4,"{0: 1, 1: 1, 2: 2}"
 受講,-0.00020488648381918514,0.0008816685494821286,0.0010331429079282486,3,"{0: 3, 1: 0, 2: 0}"
 学生,-0.0005020301996410126,0.0005020301996410126,0.00023310042434057643,4,"{0: 4, 1: 0, 2: 0}"
 聞き,-0.0005354710206120217,0.00131299619033598,0.001589505447612724,4,"{0: 2, 1: 2, 2: 0}"
 考え,-0.0007620533462613821,0.0012813932728022337,0.0011486017558347025,5,"{0: 2, 1: 3, 2: 0}"
 人,-0.0007780928534657505,0.005127762569713923,0.005589676714057738,8,"{0: 1, 1: 5, 2: 2}"
 がん,-0.0009617363909152724,0.004073307225553435,0.004462606308292374,6,"{0: 0, 1: 6, 2: 0}"
 知識,-0.0010708888403314631,0.004240358724928228,0.004389686914212192,3,"{0: 1, 1: 1, 2: 1}"
 行う,-0.0010772988680400886,0.0012175207157270052,0.0009451456601846794,3,"{0: 0, 1: 3, 2: 0}"
 毎回,-0.001093692710492178,0.001093692710492178,0.00035595661043443617,5,"{0: 1, 1: 4, 2: 0}"
し,-0.0010991407950011005,0.0014922187919485927,0.002098945297952489,4,"{0: 2, 1: 0, 2: 2}"
 回,-0.0011023526967619546,0.0051369627108215354,0.0060499491142144484,8,"{0: 1, 1: 5, 2: 2}"
 もっと,-0.0011591393134761441,0.0011591393134761441,0.0003183916143424585,3,"{0: 1, 1: 1, 2: 1}"
しかっ,-0.001226358402467061,0.005276850493222203,0.006078138053129109,3,"{0: 1, 1: 2, 2: 0}"
 きれ,-0.0013744047074273292,0.005246789415572112,0.005081556775311511,3,"{0: 2, 1: 0, 2: 1}"
 通り,-0.0014237760807902517,0.004259367171309147,0.00435300529661775,3,"{0: 1, 1: 1, 2: 1}"
 教え,-0.00150562655411098,0.00150562655411098,0.00085774133363236,3,"{0: 2, 1: 1, 2: 0}"
 一,-0.001589905521768742,0.002994886369303155,0.002870905330986989,12,"{0: 3, 1: 9, 2: 0}"
 場所,-0.0016050333506427705,0.002893603377742693,0.0025056957105430598,3,"{0: 0, 1: 2, 2: 1}"
 動画,-0.0016436443419594467,0.004779754840232293,0.004494465989823096,3,"{0: 1, 1: 1, 2: 1}"
 資格,-0.0017414990749481756,0.003349557492280534,0.0035627712179577774,3,"{0: 1, 1: 2, 2: 0}"
 なる,-0.0018082177421801335,0.002396780089354736,0.002672310975347836,11,"{0: 1, 1: 8, 2: 2}"
 付け,-0.0018277406282625936,0.0031087459828995634,0.0028229854479995217,3,"{0: 0, 1: 3, 2: 0}"
 学習,-0.0018282092481967994,0.0026843827887205406,0.0035369298951729695,5,"{0: 0, 1: 4, 2: 1}"
 を,-0.0018655873817506336,0.004736568281972285,0.006824224331369292,154,"{0: 32, 1: 95, 2: 27}"
 最後,-0.002039958022942301,0.0038858415369759313,0.004844142477470779,3,"{0: 0, 1: 2, 2: 1}"
 FI,-0.0020474351303063384,0.0020474351303063384,0.0007674407235568022,3,"{0: 0, 1: 3, 2: 0}"
 思っ,-0.0020642073851276006,0.002105808462066408,0.0018766928428261512,3,"{0: 1, 1: 2, 2: 0}"
 あっ,-0.0021679313802754523,0.0022990922123729733,0.0014797502653843022,8,"{0: 6, 1: 2, 2: 0}"
張っ,-0.0021712401591437148,0.007599758685616756,0.008160955043978168,5,"{0: 1, 1: 4, 2: 0}"
 全く,-0.0022084304118834552,0.002570905944594415,0.0024928289672127776,4,"{0: 3, 1: 1, 2: 0}"
 取り,-0.002237016204465666,0.003978198721900601,0.0034605375489865278,6,"{0: 1, 1: 5, 2: 0}"
 でし,-0.002249018430392284,0.0025710266204630157,0.002821885245281516,9,"{0: 4, 1: 3, 2: 2}"
 後期,-0.0023682218575534837,0.0032234434103277938,0.0037167858589358645,3,"{0: 0, 1: 2, 2: 1}"
 場合,-0.0024266077125503216,0.0024266077125503216,0.0003244838663769827,3,"{0: 0, 1: 3, 2: 0}"
 ライン,-0.0024529361205875627,0.0024529361205875627,0.0011807622230200787,3,"{0: 2, 1: 1, 2: 0}"
 いっ,-0.0025752228903002106,0.002735890385035115,0.0021798866017353103,3,"{0: 2, 1: 1, 2: 0}"
 つ,-0.00260222292937132,0.0030920347392318285,0.0021960981072382847,11,"{0: 2, 1: 9, 2: 0}"
 ため,-0.002625919976188535,0.005435671223884648,0.005394306539753801,21,"{0: 5, 1: 10, 2: 6}"
 度,-0.002667564131115796,0.002667564131115796,0.0008592689657363167,3,"{0: 1, 1: 1, 2: 1}"
 なるべく,-0.002766294660331268,0.00459735363902938,0.004070229721534805,3,"{0: 0, 1: 2, 2: 1}"
 日,-0.0028070461703632813,0.0028070461703632813,0.0017936377187180053,9,"{0: 3, 1: 6, 2: 0}"
 ませ,-0.002810949809972803,0.00447565992075412,0.00458077603799056,4,"{0: 0, 1: 2, 2: 2}"
 いく,-0.0028353280358714983,0.0028353280358714983,0.0009784541179880392,3,"{0: 0, 1: 3, 2: 0}"
 先生,-0.0028869044700210603,0.010192267303258026,0.019788764878030322,15,"{0: 5, 1: 6, 2: 4}"
 いつ,-0.0029242126668881006,0.0029242126668881006,0.0016912840384285986,3,"{0: 1, 1: 2, 2: 0}"
 欲しい,-0.0029529121345495653,0.0029529121345495653,0.0025197105530544005,4,"{0: 2, 1: 2, 2: 0}"
 資料,-0.003147510237492194,0.003147510237492194,0.001637413457471884,3,"{0: 1, 1: 2, 2: 0}"
 多かっ,-0.0031575950042007778,0.011651141065043554,0.013586877882732907,5,"{0: 0, 1: 3, 2: 2}"
 出,-0.0031644108998989395,0.0031644108998989395,0.0012257358162741886,4,"{0: 0, 1: 4, 2: 0}"
う,-0.0031909278417219123,0.0035610003995211366,0.002725165210944677,19,"{0: 2, 1: 15, 2: 2}"
 ながら,-0.0032818743726844937,0.0032818743726844937,0.0013700867961493146,3,"{0: 1, 1: 2, 2: 0}"
 早く,-0.0033548852976916046,0.0033548852976916046,0.0014303541814802243,3,"{0: 2, 1: 1, 2: 0}"
 やり,-0.00340660585607111,0.0063540486899000825,0.008923088071872736,4,"{0: 1, 1: 3, 2: 0}"
 どこ,-0.003729792109273452,0.003729792109273452,0.0008309135870234181,3,"{0: 3, 1: 0, 2: 0}"
 配,-0.0038779785063525196,0.0038779785063525196,0.0021182754157464683,3,"{0: 2, 1: 1, 2: 0}"
 授業,-0.003918310475344356,0.005739644534894021,0.006404319106416315,43,"{0: 16, 1: 21, 2: 6}"
 履修,-0.004022513399676037,0.005622836957783355,0.00752214668612316,4,"{0: 0, 1: 2, 2: 2}"
 悪い,-0.004117619602766354,0.004117619602766354,0.004868440420385987,3,"{0: 2, 1: 1, 2: 0}"
 忘れ,-0.004166094622632954,0.004166094622632954,0.0020636052121763664,4,"{0: 0, 1: 4, 2: 0}"
習,-0.004242125030421968,0.005578476048044866,0.004398849464910996,21,"{0: 0, 1: 20, 2: 1}"
 内,-0.004251825042956625,0.004251825042956625,0.001534540084184293,4,"{0: 0, 1: 4, 2: 0}"
 大事,-0.004261827430127596,0.004261827430127596,0.0018725590606388164,4,"{0: 1, 1: 2, 2: 1}"
 なり,-0.0043928823124588234,0.004993652537450544,0.007094974163932513,4,"{0: 1, 1: 1, 2: 2}"
 スピード,-0.0044041372948918755,0.0044041372948918755,0.0021778788455475368,3,"{0: 1, 1: 2, 2: 0}"
 難しく,-0.00455616541746297,0.005498016130721746,0.003619390841222892,7,"{0: 4, 1: 3, 2: 0}"
 課題,-0.0045760353213236986,0.009594118248886925,0.01031312291751928,22,"{0: 1, 1: 20, 2: 1}"
 書き,-0.004643010574000073,0.005042034621510538,0.003722114289915447,3,"{0: 0, 1: 3, 2: 0}"
 づらい,-0.004643985137590789,0.004643985137590789,0.001637803603551806,3,"{0: 2, 1: 1, 2: 0}"
 計算,-0.00472000360362775,0.00472000360362775,0.0032911963681733145,3,"{0: 0, 1: 3, 2: 0}"
 部分,-0.004863410241341626,0.004863410241341626,0.001401791868820388,4,"{0: 1, 1: 3, 2: 0}"
 時間,-0.004950944544937859,0.005057663628789063,0.006151360306896457,15,"{0: 8, 1: 6, 2: 1}"
す,-0.0049607112086960115,0.0049607112086960115,0.001230377309945791,3,"{0: 1, 1: 2, 2: 0}"
 オン,-0.0050506271214392955,0.0050506271214392955,0.00336205874040673,4,"{0: 2, 1: 2, 2: 0}"
 少し,-0.005191343160849673,0.007459310025920044,0.00683207835285101,9,"{0: 1, 1: 5, 2: 3}"
 ない,-0.005208932293605201,0.0062387365422777764,0.00562229289133456,43,"{0: 16, 1: 22, 2: 5}"
 書,-0.005243319157059225,0.005392649934831504,0.006248514672012411,10,"{0: 5, 1: 2, 2: 3}"
 しっかり,-0.0053345280695410975,0.009008338031842294,0.015478110290130798,19,"{0: 0, 1: 18, 2: 1}"
ろう,-0.005339237922453321,0.005339237922453321,0.001998669059381901,5,"{0: 0, 1: 5, 2: 0}"
 ば,-0.005629515576654537,0.032342972797121346,0.059967976609192904,9,"{0: 2, 1: 7, 2: 0}"
 ましょ,-0.005667572441035934,0.006009288642334551,0.004036279981578613,11,"{0: 0, 1: 10, 2: 1}"
 復,-0.005680116389287703,0.005680116389287703,0.003818317486191344,14,"{0: 0, 1: 14, 2: 0}"
 期限,-0.005706339332436983,0.005706339332436983,0.003048313823249584,10,"{0: 3, 1: 7, 2: 0}"
 物,-0.005766594287706539,0.005766594287706539,7.332122830786064e-05,3,"{0: 0, 1: 3, 2: 0}"
 ください,-0.006081388642902581,0.006269969553519601,0.0034383083150263095,9,"{0: 1, 1: 8, 2: 0}"
 難しい,-0.006194601208379338,0.006322124059884109,0.0040458932897806275,15,"{0: 1, 1: 12, 2: 2}"
 ちゃんと,-0.006261334283044562,0.006261334283044562,0.0026044347713223624,5,"{0: 0, 1: 5, 2: 0}"
 時,-0.00649058740361852,0.00649058740361852,0.00804264190145451,4,"{0: 2, 1: 2, 2: 0}"
 十分,-0.0065238569400797265,0.012346073801322913,0.017479610078520377,4,"{0: 0, 1: 2, 2: 2}"
 あまり,-0.006574241303193655,0.006574241303193655,0.0008689590676072548,3,"{0: 3, 1: 0, 2: 0}"
 まで,-0.006583089095208075,0.007091263879495577,0.008379105030375986,6,"{0: 1, 1: 4, 2: 1}"
 おく,-0.006620666633534711,0.006620666633534711,0.0017894823167559518,5,"{0: 1, 1: 4, 2: 0}"
 テスト,-0.006637433151853099,0.0066635014739169435,0.004305183839693508,31,"{0: 7, 1: 23, 2: 1}"
 とる,-0.006696052671031794,0.006696052671031794,0.002461636163703511,3,"{0: 1, 1: 2, 2: 0}"
 レポート,-0.0067308453657320706,0.0067308453657320706,0.006405550052457927,13,"{0: 4, 1: 9, 2: 0}"
 予,-0.006958644898986677,0.006958644898986677,0.0026941295430210894,7,"{0: 0, 1: 6, 2: 1}"
 ん,-0.006994166057236606,0.008325934145861658,0.007352104761415992,5,"{0: 0, 1: 3, 2: 2}"
 提出,-0.007058009611857694,0.007058009611857694,0.003876831569353623,13,"{0: 2, 1: 11, 2: 0}"
 もう,-0.0071646634454130735,0.0071646634454130735,0.006744210266650009,3,"{0: 0, 1: 3, 2: 0}"
 出席,-0.007257571042828204,0.007652001047063095,0.012821298010919127,6,"{0: 3, 1: 3, 2: 0}"
 下さい,-0.00746344438084634,0.00746344438084634,0.0020029647522414925,3,"{0: 1, 1: 2, 2: 0}"
 たい,-0.0076383278996115635,0.012415140898287599,0.01891629991344548,10,"{0: 2, 1: 8, 2: 0}"
 量,-0.00767506118518213,0.00767506118518213,0.008649848020916732,3,"{0: 2, 1: 0, 2: 1}"
 ノート,-0.007711149770676413,0.007711149770676413,0.003267976428587515,7,"{0: 0, 1: 7, 2: 0}"
 小,-0.007829384862765841,0.007829384862765841,0.0029411324927280966,9,"{0: 2, 1: 7, 2: 0}"
 教科,-0.007859029716680444,0.008008360494452724,0.008618268661966032,10,"{0: 5, 1: 2, 2: 3}"
 なかっ,-0.008168401034241324,0.00900325295412322,0.00862528753437298,17,"{0: 10, 1: 6, 2: 1}"
 メモ,-0.008311596963418802,0.008311596963418802,0.004044894847207269,3,"{0: 1, 1: 2, 2: 0}"
 多い,-0.008947523131913234,0.008947523131913234,0.003996628780479273,3,"{0: 1, 1: 2, 2: 0}"
 すぎ,-0.010188747159898209,0.010188747159898209,0.016558235923752752,6,"{0: 4, 1: 2, 2: 0}"
 大変,-0.010387854381965904,0.010387854381965904,0.008123644389227821,13,"{0: 2, 1: 11, 2: 0}"
 配布,-0.010791055955147991,0.010791055955147991,0.005375279189581409,3,"{0: 1, 1: 1, 2: 1}"
 方,-0.011152598740747114,0.013782092793098092,0.017692481307204525,17,"{0: 1, 1: 14, 2: 2}"
 感じ,-0.01219723815289139,0.01464346860133706,0.014818986805983127,4,"{0: 1, 1: 1, 2: 2}"
 間に合わ,-0.012637625243365215,0.012637625243365215,0.010170040710436232,3,"{0: 1, 1: 2, 2: 0}"
 単位,-0.012955412793871801,0.012955412793871801,0.013141986472643877,4,"{0: 1, 1: 2, 2: 1}"
 プリント,-0.013813881817441143,0.013813881817441143,0.009068891708249103,4,"{0: 1, 1: 3, 2: 0}"
 話,-0.014250667791223338,0.014250667791223338,0.025431760980339994,6,"{0: 1, 1: 3, 2: 2}"
 ず,-0.014571319716424114,0.014571319716424114,0.02101201773549932,8,"{0: 1, 1: 6, 2: 1}"
 ほう,-0.01779952426568343,0.01779952426568343,0.01360223414511069,4,"{0: 0, 1: 3, 2: 1}"
 分から,-0.020979092085781303,0.020979092085781303,0.03913580186023553,6,"{0: 2, 1: 4, 2: 0}"
 難しかっ,-0.023727871641426646,0.023727871641426646,0.020273970359612124,8,"{0: 2, 1: 5, 2: 1}"
 科目,-0.02430630933304201,0.02430630933304201,0.02546028091475407,3,"{0: 1, 1: 1, 2: 1}"
 にく,-0.046629642371954105,0.046629642371954105,0.053453110818731484,4,"{0: 4, 1: 0, 2: 0}"
