word,sentiment_importance,course_importance,total_importance,category,word_length,is_japanese,rank
代わり,0.0014794213431222,0.0004720517567225,0.0019514730998447,感情特化,3,True,12
持っけ,0.0015144240111112,0.0004195347428321,0.0019339587539432999,感情特化,3,True,15
忘れ物,0.00134670548141,0.000476193614304,0.001822899095714,感情特化,3,True,36
ます書,0.0014500285570438,0.0003579683028734,0.0018079968599172,感情特化,3,True,40
焦点,0.0012826823762484,0.0004854830248015,0.0017681654010499,感情特化,2,True,55
組む,0.0014277100563049,0.0003324266937043,0.0017601367500092,感情特化,2,True,59
素子,0.0014317973770878,0.0003134608268737,0.0017452582039615,感情特化,2,True,63
英語べ,0.0012595412135124,0.0004723387956619,0.0017318800091742999,感情特化,3,True,64
前回,0.0012402959835173,0.0004852861166,0.0017255821001173,感情特化,2,True,68
入力,0.0012457988411188,0.0004760865867137,0.0017218854278325002,感情特化,2,True,69
TA,0.0014084410809335,0.0002681063044638,0.0016765473853973,感情特化,2,False,91
OK,0.001194678992033,0.0004749998450279,0.0016696788370609002,感情特化,2,False,95
感謝,0.0012947014932121,0.0003661608057362,0.0016608622989483,感情特化,2,True,103
取り組め丈夫,0.0014063686664615,0.0002337981547628,0.0016401668212243,感情特化,6,True,113
無し,0.0011533120026191,0.0004752712945143,0.0016285832971333998,感情特化,2,True,120
付け,0.0012815562180346,0.0003423946599165,0.0016239508779511001,感情特化,2,True,123
コミュニケーション,0.001185778823452,0.0004370648033565,0.0016228436268085,感情特化,9,True,125
さま,0.0011833601941665,0.0004375505571564,0.0016209107513228999,感情特化,2,True,128
デバイス,0.0012973485093924,0.0003111081257943,0.0016084566351867,感情特化,4,True,141
試合,0.0012114490899774,0.0003943848941061,0.0016058339840834999,感情特化,2,True,142
から修,0.0011679769626685,0.0004250566874231,0.0015930336500916001,感情特化,3,True,149
です張り,0.0011829178441654,0.0004000819542191,0.0015829997983845,感情特化,4,True,157
パワー,0.0010844375145562,0.0004959113843052,0.0015803488988613999,感情特化,3,True,160
こと習習,0.0012398143964154,0.0003391496304954,0.0015789640269108,感情特化,4,True,161
地域生,0.0013761251336998,0.0002013088928328,0.0015774340265326,感情特化,3,True,162
年間,0.0010969334492279,0.0004764496078414,0.0015733830570692998,感情特化,2,True,165
量子,0.0012077209539711,0.0003629168495535,0.0015706378035246,感情特化,2,True,168
挟ん,0.0012103362152209,0.0003508925437927,0.0015612287590135998,感情特化,2,True,179
やすく習,0.0011908686054604,0.0003527849912643,0.0015436535967247,感情特化,4,True,194
ストレス,0.0011856603468286,0.0003557449270939,0.0015414052739225,感情特化,4,True,198
合格,0.0011437381223096,0.0003962631700402,0.0015400012923498,感情特化,2,True,201
かかわら,0.0012001934505644,0.0003393962979316,0.001539589748496,感情特化,4,True,203
生産,0.0011099184242387,0.0004278098543485,0.0015377282785872001,感情特化,2,True,205
ことべる,0.0012795447625897,0.0002572224898771,0.0015367672524668002,感情特化,4,True,207
生き物,0.0013137528938906,0.0002172791532107,0.0015310320471013002,感情特化,3,True,209
comments,0.001106571406126,0.0004228342037934,0.0015294056099193999,感情特化,8,False,212
確立,0.0011662376875227,0.0003618746995925,0.0015281123871152,感情特化,2,True,215
作品,0.0010482066256158,0.0004768326659412,0.0015250392915569998,感情特化,2,True,218
英語,0.001154755729676,0.0003605426254647,0.0015152983551407,感情特化,2,True,235
ください,0.0010693148842879,0.0004418176313748,0.0015111325156627001,感情特化,4,True,238
よかっ,0.0012022506086635,0.0003029850978074,0.0015052357064709,感情特化,3,True,244
科目張っ,0.0014050062745809,9.92482528090477e-05,0.0015042545273899477,感情特化,4,True,245
まし習習,0.0010138115083629,0.0004901293326507,0.0015039408410136,感情特化,4,True,246
始める,0.0010124850604269,0.0004914167026678,0.0015039017630947,感情特化,3,True,247
覚えれ,0.0010898850858211,0.0004139482975006,0.0015038333833217001,感情特化,3,True,248
キツかっ,0.001192519813776,0.0003077819943428,0.0015003018081188,感情特化,4,True,250
確か,0.0011251413009383,0.0003748373551802,0.0014999786561185,感情特化,2,True,252
覚えよう,0.001160522124597,0.0003293593014989,0.0014898814260959,感情特化,4,True,262
一定,0.0010876299015113,0.0004018310989652,0.0014894610004765,感情特化,2,True,264
なくしかっ,0.0010402575135231,0.0004465164882796,0.0014867740018027,感情特化,5,True,266
実行,0.0012263992712611,0.0002599606911341,0.0014863599623952,感情特化,2,True,268
ニュース,0.001227967441082,0.0002563816885794,0.0014843491296614001,感情特化,4,True,269
確認,0.0009870625528488,0.0004963478829273,0.0014834104357761002,感情特化,2,True,271
予告,0.000995412779351,0.0004861752192179,0.0014815879985689,感情特化,2,True,274
疑問,0.0011986679612443,0.0002826927946164,0.0014813607558607,感情特化,2,True,275
受けよう,0.0010935082835586,0.0003859449766184,0.001479453260177,感情特化,4,True,279
おく習,0.001066163980535,0.000411362520286,0.001477526500821,感情特化,3,True,281
新聞,0.0009966380177782,0.0004806406795978,0.0014772786973759999,感情特化,2,True,283
公開,0.0010094855150038,0.0004670846868645,0.0014765702018683,感情特化,2,True,284
軌道,0.0009904977466378,0.0004849849002701,0.0014754826469079,感情特化,2,True,285
プロ,0.0011193414684385,0.0003559365868568,0.0014752780552953,感情特化,2,True,286
制御,0.001008945568982,0.0004636838307811,0.0014726293997631,感情特化,2,True,290
メリハリ,0.0011175461113452,0.0003546071904046,0.0014721533017498,感情特化,4,True,292
ニュアンス,0.0009875145430366,0.0004833315809567,0.0014708461239933,感情特化,5,True,293
答える,0.0010469135289129,0.0004233870851366,0.0014703006140495,感情特化,3,True,294
決まり,0.0011885568499565,0.0002816125750541,0.0014701694250106,感情特化,3,True,295
面白,0.0010222227823349,0.0004476040842071,0.0014698268665419999,感情特化,2,True,297
周辺,0.0012982587019602,0.0001704276849826,0.0014686863869428001,感情特化,2,True,300
仕方ない,0.0010159629441442,0.0004513244188967,0.0014672873630409,感情特化,4,True,301
ます,0.0011763021243789,0.0002895853551801,0.0014658874795589999,感情特化,2,True,303
切れ,0.0011657827666827,0.0002952888607978,0.0014610716274804998,感情特化,2,True,306
課程,0.0009749680757522,0.0004813164472579,0.0014562845230101,感情特化,2,True,313
礼儀,0.0012036283664843,0.00024724664057,0.0014508750070543,感情特化,2,True,319
仕方べ,0.0012817066162824,0.0001679000755151,0.0014496066917975,感情特化,3,True,320
おき,0.0011134066576646,0.0003349499522962,0.0014483566099608,感情特化,2,True,322
入れ,0.0010864729927459,0.0003583388744105,0.0014448118671564,感情特化,2,True,328
契約,0.0010763946920633,0.0003647729754447,0.001441167667508,感情特化,2,True,334
あらゆる,0.000945225577144,0.0004955626585904,0.0014407882357344,感情特化,4,True,335
ましょう習,0.0010362593240516,0.0004025043616461,0.0014387636856977,感情特化,5,True,338
卓球,0.001103438436985,0.0003342873909894,0.0014377258279744,感情特化,2,True,339
ならい,0.0010264921933412,0.0004089444875717,0.0014354366809128999,感情特化,3,True,342
説得,0.001092945624675,0.0003351627715996,0.0014281083962746,感情特化,2,True,349
立て,0.0010951994918286,0.000331327911805,0.0014265274036336,感情特化,2,True,350
からべ,0.0010150945080178,0.0004113800823688,0.0014264745903866,感情特化,3,True,351
たり習,0.0011056264241536,0.0003186153868834,0.001424241811037,感情特化,3,True,355
ドリルい,0.0010437749326229,0.0003792747855186,0.0014230497181415,感情特化,4,True,358
生涯,0.001192131164399,0.0002303990450772,0.0014225302094762,感情特化,2,True,359
付く,0.0009450072591955,0.0004761279983953,0.0014211352575908,感情特化,2,True,362
打つ,0.0009907931089401,0.0004281071679932,0.0014189002769333,感情特化,2,True,365
演出,0.0010755471885204,0.000343178709348,0.0014187258978684,感情特化,2,True,367
取り掛かる,0.0012284507128325,0.0001884234899824,0.0014168742028149,感情特化,5,True,372
出来事,0.0011251988294331,0.0002898816829142,0.0014150805123473,感情特化,3,True,374
重点,0.0012366908692544,0.0001743524785964,0.0014110433478507999,感情特化,2,True,379
課題め,0.0009761484196552,0.0004337278123085,0.0014098762319637,感情特化,3,True,382
差別,0.000911126534144,0.0004979918400446,0.0014091183741886,感情特化,2,True,385
元気,0.0009885643209729,0.0004192824874605,0.0014078468084334,感情特化,2,True,386
100,0.001111339061306,0.000296015292406,0.001407354353712,感情特化,3,False,387
感じしかっ,0.0011737406253814,0.0002327010035514,0.0014064416289328,感情特化,5,True,388
少ない,0.0010491170246025,0.0003566837002491,0.0014058007248516,感情特化,3,True,390
話し合う,0.0011824587429011,0.0002197112750124,0.0014021700179135,感情特化,4,True,394
楽しみ,0.0009193588596056,0.0004793294869801,0.0013986883465857,感情特化,3,True,399
しょう,0.0010386488089958,0.0003600294391314,0.0013986782481272,感情特化,3,True,400
アプリ,0.0011331422461403,0.0002638396289613,0.0013969818751016,感情特化,3,True,403
問わ,0.000944745061653,0.0004460582775729,0.0013908033392259,感情特化,2,True,412
漢字,0.0013299739609162,6.0739616552988686e-05,0.0013907135774691888,感情特化,2,True,413
書き直し,0.0011507322390874,0.0002380659182866,0.001388798157374,感情特化,4,True,415
テストめ,0.000947566392521,0.0004395718375841,0.0013871382301051,感情特化,4,True,418
web,0.0009637948657785,0.000422683677503,0.0013864785432815,感情特化,3,False,419
苦手張っ,0.0010056751114981,0.0003786299909864,0.0013843051024845,感情特化,4,True,424
初回,0.0008957316026543,0.0004857679208119,0.0013814995234662,感情特化,2,True,429
パソコン,0.001058012972905,0.0003227540619776,0.0013807670348826,感情特化,4,True,430
また習,0.0011368782569964,0.0002410327394803,0.0013779109964767002,感情特化,3,True,433
12,0.0010290519733514,0.0003450880093233,0.0013741399826747,感情特化,2,False,444
なかっめて,0.0010649836622178,0.000308527611196,0.0013735112734137998,感情特化,5,True,446
生活かせる,0.0012641362845897,0.0001092195510864,0.0013733558356761,感情特化,5,True,447
順調,0.0010344007362922,0.0003367892156044,0.0013711899518965998,感情特化,2,True,452
頻度,0.0009397183145795,0.0004312853728021,0.0013710036873816,感情特化,2,True,453
ください習習,0.001194954634859,0.0001760428914657,0.0013709975263247,感情特化,6,True,454
イン,0.0012682421753803,9.733686844507854e-05,0.0013655790438253787,感情特化,2,True,459
日々習,0.0010349296033382,0.0003295943140983,0.0013645239174365,感情特化,3,True,461
読み取る,0.0010474441306931,0.0003138514501707,0.0013612955808638,感情特化,4,True,464
言語,0.000873306615127,0.0004836809443863,0.0013569875595133,感情特化,2,True,467
掛け,0.0009862378239631,0.0003688156604766,0.0013550534844397,感情特化,2,True,470
なれ,0.0010014355146125,0.0003520190058385,0.001353454520451,感情特化,2,True,476
きく,0.0010641319677233,0.0002878550440073,0.0013519870117306,感情特化,2,True,479
きっと,0.0010983339614338,0.0002533694108327,0.0013517033722664999,感情特化,3,True,480
学習張っ,0.0010111411102116,0.0003400258719921,0.0013511669822036999,感情特化,4,True,483
エンジニアリング,0.0009123757481575,0.0004366874694824,0.0013490632176399,感情特化,8,True,486
やろう,0.0009783380664885,0.0003705338264505,0.001348871892939,感情特化,3,True,488
不可,0.0010044802911579,0.0003403462469577,0.0013448265381156,感情特化,2,True,492
ませ張っ,0.0009856052696704,0.0003591835498809,0.0013447888195513,感情特化,4,True,493
結びつけ,0.0008941723240746,0.0004476077026791,0.0013417800267537,感情特化,4,True,499
トレーニング,0.0010403259817896,0.0003006877056483,0.0013410136874379,感情特化,6,True,501
ぶり,0.000875129119346,0.0004639578493017,0.0013390869686477,感情特化,2,True,505
分かりい,0.0010227475847516,0.0003157343183244,0.0013384819030760001,感情特化,4,True,507
高かっ,0.0011096578091382,0.0002287340660889,0.0013383918752271,感情特化,3,True,508
先生談,0.0008746238256042,0.0004616196859966,0.0013362435116008,感情特化,3,True,513
心身,0.0011704328159491,0.0001653258999188,0.0013357587158679002,感情特化,2,True,514
先端,0.0010758079588413,0.0002591490745544,0.0013349570333957,感情特化,2,True,518
スライド板,0.0008639253675937,0.0004709869623184,0.0013349123299121,感情特化,5,True,519
初期,0.000836744531989,0.0004962339997291,0.0013329785317181,感情特化,2,True,522
有利,0.0008897148072719,0.0004412142766846,0.0013309290839565,感情特化,2,True,524
配列,0.0009915553033351,0.0003389656543731,0.0013305209577082,感情特化,2,True,526
次回,0.0009069781264533,0.0004211596172788,0.0013281377437321,感情特化,2,True,529
地方,0.0009134346619248,0.0004141144454479,0.0013275491073727,感情特化,2,True,530
持つ,0.0010021088763754,0.000324462877309,0.0013265717536844,感情特化,2,True,533
文書,0.0009010912229617,0.0004251115024089,0.0013262027253706,感情特化,2,True,534
Thank,0.0010176128707826,0.0003084535710513,0.0013260664418339,感情特化,5,False,535
ことかせる,0.0010040855656067,0.0003189320365587,0.0013230176021654,感情特化,5,True,539
複数,0.0008272457246979,0.0004951870068907,0.0013224327315886002,感情特化,2,True,542
くらい,0.001085847667227,0.0002365794083843,0.0013224270756113,感情特化,3,True,543
状態,0.0008649337564555,0.0004563774966018,0.0013213112530573,感情特化,2,True,546
豊か,0.0009784796940428,0.0003425031900405,0.0013209828840833001,感情特化,2,True,548
だり,0.0009368390522219,0.0003833664919842,0.0013202055442061,感情特化,2,True,549
シチュエーション,0.0011694468557834,0.0001493940750757,0.0013188409308591,感情特化,8,True,552
文字,0.000912341663492,0.0004041485279519,0.0013164901914438998,感情特化,2,True,556
見つめす,0.0009403315683205,0.0003754571080207,0.0013157886763412,感情特化,4,True,560
驚い,0.0010816738940775,0.0002335039898753,0.0013151778839528,感情特化,2,True,561
コミニケーション,0.0010259114205837,0.0002856403589248,0.0013115517795085,感情特化,8,True,567
救済,0.0009403978474438,0.0003707404248416,0.0013111382722853998,感情特化,2,True,568
とくに,0.0008680462837219,0.0004423022270202,0.0013103485107421,感情特化,3,True,569
戸惑う,0.0009238963325818,0.0003858158985773,0.0013097122311590999,感情特化,3,True,570
先生っ,0.0010571889579296,0.0002518690058163,0.0013090579637459,感情特化,3,True,571
全くまら,0.0009315321221947,0.0003770608454942,0.0013085929676889,感情特化,4,True,572
本当かり,0.001006341073662,0.0003022048622369,0.0013085459358989,感情特化,4,True,573
です力,0.0011344242841005,0.0001715511083602,0.0013059753924607,感情特化,3,True,575
優しかっ,0.0008670443462,0.0004369666179021,0.0013040109641021,感情特化,4,True,577
ネット,0.0010485682636499,0.0002541954318682,0.0013027636955181,感情特化,3,True,580
シャドーイング,0.0008441785519773,0.0004570551893927,0.00130123374137,感情特化,7,True,584
ですし,0.0008335895836353,0.0004667490720748,0.0013003386557101,感情特化,3,True,587
授業い,0.0009002782404422,0.0003999888896942,0.0013002671301364,感情特化,3,True,588
感染,0.0008626137860119,0.0004369406960904,0.0012995544821023,感情特化,2,True,589
全部,0.0010439829239922,0.0002551891150013,0.0012991720389935,感情特化,2,True,590
仕事,0.0009244483585158,0.0003746304661035,0.0012990788246192999,感情特化,2,True,591
あるかり,0.0008113011717796,0.0004876926541328,0.0012989938259124001,感情特化,4,True,592
解説かり,0.0011336571936096,0.000163764825889,0.0012974220194986001,感情特化,4,True,593
通し習,0.0008375838398933,0.0004588693380355,0.0012964531779288,感情特化,3,True,595
コーナー,0.0008393666810459,0.0004550397947982,0.0012944064758441,感情特化,4,True,598
アドバイス,0.00087750676954,0.0004159130417464,0.0012934198112864001,感情特化,5,True,600
聞き取る,0.0009646308608353,0.0003286814317107,0.001293312292546,感情特化,4,True,601
マスマティカ,0.0008591679590088,0.0004331767559051,0.0012923447149139,感情特化,6,True,604
できる,0.0010256729400794,0.0002656520482019,0.0012913249882813,感情特化,3,True,607
内容潔,0.0011826769138375,0.0001083749035994,0.0012910518174369,感情特化,3,True,608
分散,0.0009320396929979,0.0003581121563911,0.001290151849389,感情特化,2,True,611
いつ,0.0010698266568586,0.0002194856085794,0.0012893122654379998,感情特化,2,True,614
逃げ,0.0008423888886516,0.0004461102864959,0.0012884991751475,感情特化,2,True,616
きちんとい,0.0010409761220216,0.0002472400665283,0.0012882161885498999,感情特化,5,True,617
わから,0.0009846646867157,0.0003009926586455,0.0012856573453612,感情特化,3,True,624
わかり,0.0007876308676337,0.0004951327222246,0.0012827635898583,感情特化,3,True,628
すごく,0.0007968843422548,0.0004832572391572,0.001280141581412,感情特化,3,True,634
なるべく,0.0009748082703504,0.0003037732572127,0.0012785815275631,感情特化,4,True,637
空気,0.0009204484522342,0.0003579184412956,0.0012783668935298,感情特化,2,True,638
利点,0.0010914824903011,0.0001867294311523,0.0012782119214534001,感情特化,2,True,639
あたり,0.0010437050736264,0.0002313183718606,0.0012750234454869998,感情特化,3,True,645
コロイド,0.0008507214486598,0.0004233375191688,0.0012740589678286,感情特化,4,True,647
毎回,0.000839661334054,0.0004336230785971,0.0012732844126510999,感情特化,2,True,648
られ,0.0010750285097553,0.0001978104054513,0.0012728389152066,感情特化,2,True,649
プレゼン,0.0010085571426111,0.0002639932741581,0.0012725504167692,感情特化,4,True,651
だし,0.0008136236241885,0.0004587263933249,0.0012723500175134,感情特化,2,True,653
ある修,0.0008813165128231,0.0003900721669197,0.0012713886797428,感情特化,3,True,655
でき書,0.0010940258701642,0.0001761578023433,0.0012701836725075,感情特化,3,True,659
柔軟,0.0007782030850648,0.0004913471639156,0.0012695502489804,感情特化,2,True,661
着い,0.0008440523275307,0.0004242685224328,0.0012683208499635,感情特化,2,True,665
基盤,0.0008033559554153,0.0004644215934806,0.0012677775488959,感情特化,2,True,666
地域,0.0010504312200569,0.000217021957628,0.0012674531776849,感情特化,2,True,667
そもそも,0.0009956697622934,0.000270785888036,0.0012664556503294,感情特化,4,True,669
項目,0.0008173414639064,0.000448784657887,0.0012661261217934,感情特化,2,True,670
回数,0.0009486858315508,0.0003171072437845,0.0012657930753353,感情特化,2,True,672
からしかっ,0.0009074740111827,0.0003569215536117,0.0012643955647944,感情特化,5,True,673
組み,0.0008386286596457,0.0004256715377171,0.0012643001973628,感情特化,2,True,674
はっきり,0.000951481776105,0.0003120955079793,0.0012635772840843,感情特化,4,True,677
すごくしかっ,0.0009348228573799,0.000328180193901,0.0012630030512809,感情特化,6,True,679
住む,0.0007893361151218,0.0004732802510261,0.0012626163661479,感情特化,2,True,680
活かし,0.0008924131168786,0.0003686195634531,0.0012610326803316999,感情特化,3,True,684
買っ,0.0007972113255943,0.0004633356417928,0.0012605469673871,感情特化,2,True,686
元々,0.0011260470747947,0.0001344835758209,0.0012605306506156,感情特化,2,True,687
立場,0.0009458088561108,0.0003145043002931,0.0012603131564039001,感情特化,2,True,688
わけ,0.0008260015104162,0.0004322731769398,0.001258274687356,感情特化,2,True,690
選び,0.0009724201841486,0.0002855335672696,0.0012579537514182,感情特化,2,True,692
江戸,0.0009222223889082,0.0003356356173753,0.0012578580062835,感情特化,2,True,693
抽象,0.0007974910549819,0.0004579043015837,0.0012553953565656,感情特化,2,True,700
課題しかっ,0.0008169606975887,0.0004375133177508,0.0012544740153394998,感情特化,5,True,702
分かりらかっ,0.000833049044013,0.0004211142659187,0.0012541633099317,感情特化,6,True,703
文法,0.001031148132873,0.0002225244587117,0.0012536725915847,感情特化,2,True,705
課題張っ,0.0009323802466193,0.0003212162603934,0.0012535965070127,感情特化,4,True,706
相当,0.0010692365467548,0.0001842986260141,0.0012535351727689,感情特化,2,True,707
韓国,0.001031568126851,0.0002216111476484,0.0012531792744994,感情特化,2,True,709
決定,0.0008288522561391,0.0004228800535202,0.0012517323096593,感情特化,2,True,710
できしかっ,0.0010051848366856,0.0002463776618242,0.0012515624985098,感情特化,5,True,713
エネルギー,0.0009969601970772,0.0002541931909184,0.0012511533879956,感情特化,5,True,714
話し合っ,0.0009644163462022,0.0002865816156069,0.0012509979618091,感情特化,4,True,715
自ら,0.000981073161321,0.0002685404781784,0.0012496136394994,感情特化,2,True,717
提供,0.0009421600649754,0.0003072619438171,0.0012494220087925,感情特化,2,True,718
優先,0.0009256520054557,0.000323359939185,0.0012490119446407,感情特化,2,True,719
苦しん,0.0007924288511276,0.0004560559988021,0.0012484848499297,感情特化,3,True,721
違い,0.000802198185601,0.0004458238875399,0.0012480220731409001,感情特化,2,True,722
受けれ丈夫,0.0009860094636678,0.0002616353332996,0.0012476447969674,感情特化,5,True,724
部活,0.0009192456491291,0.0003280565142631,0.0012473021633922,感情特化,2,True,725
歴史べ,0.0009111665189266,0.0003347590565681,0.0012459255754947,感情特化,3,True,729
希望,0.0009756426193884,0.0002690223710877,0.0012446649904761,感情特化,2,True,732
講義,0.0008938127186977,0.0003507564754949,0.0012445691941926,感情特化,2,True,734
もらえれ,0.0010547808681925,0.0001897439360618,0.0012445248042543,感情特化,4,True,735
優しく,0.0009047161748117,0.0003397121946228,0.0012444283694345,感情特化,3,True,736
とても切,0.0009346297010779,0.0003097713924944,0.0012444010935723,感情特化,4,True,737
人間,0.0010404769858025,0.0001996137728594,0.0012400907586619,感情特化,2,True,748
立体,0.0007961266674101,0.0004439046606421,0.0012400313280522,感情特化,2,True,749
解ける,0.0009138507949602,0.0003249431028962,0.0012387938978564,感情特化,3,True,751
完了,0.0011065438389778,0.0001312151551246,0.0012377589941024,感情特化,2,True,752
分布,0.0010312862694263,0.0002061560750007,0.001237442344427,感情特化,2,True,753
論文,0.0008609316383416,0.0003748391396724,0.001235770778014,感情特化,2,True,758
なん,0.0007751379851941,0.0004605022776457,0.0012356402628398,感情特化,2,True,759
不満,0.0007644097410863,0.0004712249482831,0.0012356346893694,感情特化,2,True,760
出会う,0.0008825242519378,0.0003521606326103,0.0012346848845481,感情特化,3,True,762
進む,0.0009327691267518,0.0003018839394345,0.0012346530661863,感情特化,2,True,763
取り組む,0.0007791557343922,0.0004548569197408,0.001234012654133,感情特化,4,True,766
まじめ,0.0009662879302221,0.0002675323801882,0.0012338203104103,感情特化,3,True,767
読み上げる,0.00101930052042,0.0002142161130905,0.0012335166335105,感情特化,5,True,768
つつ,0.0009639746077903,0.0002695232993218,0.0012334979071121,感情特化,2,True,769
少し,0.001046549085483,0.0001868364445775,0.0012333855300604999,感情特化,2,True,770
とれる,0.0008261704947366,0.0004066997315994,0.001232870226336,感情特化,3,True,771
克服,0.0008864207814137,0.0003458879888057,0.0012323087702194,感情特化,2,True,772
少なから,0.0007529202848672,0.0004750769585371,0.0012279972434043,感情特化,4,True,780
戦略,0.0007295067111651,0.000497884551684,0.0012273912628491001,感情特化,2,True,782
テスト案,0.0007866449654102,0.0004405036568641,0.0012271486222743,感情特化,4,True,783
人々,0.000893299235031,0.0003311007749289,0.0012244000099599001,感情特化,2,True,789
知識まり,0.0010391615331172,0.0001841492950916,0.0012233108282088,感情特化,4,True,794
国語,0.000869019223111,0.0003537844334329,0.0012228036565439,感情特化,2,True,797
遺産,0.0009532757103443,0.0002691658834616,0.0012224415938059002,感情特化,2,True,798
アニメーション,0.0007916228988995,0.0004306750801893,0.0012222979790888,感情特化,7,True,799
膨大,0.0010358102619647,0.0001858785748481,0.0012216888368128,感情特化,2,True,801
面倒,0.0008475944913666,0.0003724021130594,0.001219996604426,感情特化,2,True,802
毎日,0.0010445793700772,0.0001740712066029,0.0012186505766800999,感情特化,2,True,808
プログラミングしかっ,0.0009417825688918,0.0002763830125331,0.0012181655814249,感情特化,10,True,809
楽しん,0.0010117055475711,0.0002061076462268,0.0012178131937979,感情特化,3,True,812
数学,0.0009333435821053,0.0002842991794115,0.0012176427615168,感情特化,2,True,813
演算,0.000997551583818,0.0002199499202626,0.0012175015040806,感情特化,2,True,814
普通,0.001020526870134,0.0001960469687238,0.0012165738388578,感情特化,2,True,816
配布,0.0007846321183733,0.000431432157028,0.0012160642754013,感情特化,2,True,819
料理,0.0007545882835984,0.0004585031419992,0.0012130914255976,感情特化,2,True,824
期限,0.0007803389388653,0.0004316809276739,0.0012120198665392,感情特化,2,True,825
減っ,0.0011046657131777,0.0001065769681224,0.0012112426813001,感情特化,2,True,826
分間,0.0007509555667638,0.0004598431289196,0.0012107986956834001,感情特化,2,True,827
法規,0.0007542344431082,0.0004564896225929,0.0012107240657011,感情特化,2,True,828
振動出,0.0010692536830902,0.0001391306519508,0.001208384335041,感情特化,3,True,832
からべる,0.0009658943329538,0.0002414914114134,0.0012073857443671999,感情特化,4,True,835
英文訳,0.0007872271041075,0.0004193447530269,0.0012065718571344,感情特化,3,True,838
つい,0.0007494206144072,0.0004563037411337,0.0012057243555409001,感情特化,2,True,844
アップ,0.0009730573981366,0.0002326637189439,0.0012057211170805001,感情特化,3,True,845
古代,0.0009006168693304,0.0003049659232298,0.0012055827925602,感情特化,2,True,846
思っ,0.000913010018306,0.0002922736564461,0.0012052836747521,感情特化,2,True,848
より習,0.0008080448955297,0.0003964185714721,0.0012044634670018,感情特化,3,True,850
あれ,0.0009092709704025,0.0002942720780501,0.0012035430484526,感情特化,2,True,852
がんばり,0.0007376944025357,0.0004657407601674,0.0012034351627031,感情特化,4,True,853
下さる,0.0007519237697124,0.0004510650038719,0.0012029887735843,感情特化,3,True,854
自信,0.0010014750063419,0.0002010456389851,0.001202520645327,感情特化,2,True,856
連立,0.0008198864137132,0.0003824407855669,0.0012023271992801,感情特化,2,True,857
マクロ,0.0009174816634344,0.0002844424351401,0.0012019240985745,感情特化,3,True,859
衛生,0.0010599321020501,0.0001417856131281,0.0012017177151781998,感情特化,2,True,860
授業習習,0.000976500287652,0.0002225410193204,0.0011990413069724,感情特化,4,True,866
様々,0.000926062839586,0.0002722785919436,0.0011983414315296,感情特化,2,True,868
モノづくり,0.0007875344405571,0.0004104235106044,0.0011979579511615,感情特化,5,True,870
つまずく,0.0009284717962145,0.0002678961803515,0.001196367976566,感情特化,4,True,873
他国,0.0009520246901295,0.0002441135319796,0.0011961382221091,感情特化,2,True,875
ひと,0.0009566754257927,0.0002385966169337,0.0011952720427264,感情特化,2,True,876
ください習,0.0006980688282937,0.0004971117684335,0.0011951805967272,感情特化,5,True,877
容易,0.0008620914304628,0.0003316672518849,0.0011937586823477,感情特化,2,True,880
増やす,0.0009939299850929,0.0001963515107224,0.0011902814958153,感情特化,3,True,887
見学,0.0008080003454404,0.0003821052172604,0.0011901055627008,感情特化,2,True,888
しれ,0.0007021263259175,0.0004879104443521,0.0011900367702696,感情特化,2,True,889
特許,0.0007868012180551,0.0004017306491732,0.0011885318672283,感情特化,2,True,894
もちろん,0.0009473715795249,0.0002408460146043,0.0011882175941292,感情特化,4,True,895
大切感,0.0006952302064746,0.0004928680136799,0.0011880982201545,感情特化,3,True,896
補う,0.0009862557053565,0.0001998037099838,0.0011860594153403,感情特化,2,True,902
内容,0.0009506285692285,0.000235099197818,0.0011857277670465,感情特化,2,True,903
伸び,0.0007224077772763,0.0004626475274562,0.0011850553047325,感情特化,2,True,904
myFIT,0.0010128689722882,0.0001711207959387,0.0011839897682269,感情特化,5,False,907
どうぞ,0.0010532531887292,0.0001288385440905,0.0011820917328197,感情特化,3,True,909
中間,0.0008286438656575,0.0003527748313817,0.0011814186970392,感情特化,2,True,912
やく,0.000910739103953,0.0002702039976914,0.0011809431016444,感情特化,2,True,915
多様,0.0008069556206464,0.0003733908136685,0.0011803464343149,感情特化,2,True,918
同期,0.0007266569882631,0.0004536118358373,0.0011802688241004,感情特化,2,True,919
前田,0.0007038630545139,0.0004762262105941,0.001180089265108,感情特化,2,True,920
だけ,0.000800141133368,0.0003791088373987,0.0011792499707667,感情特化,2,True,924
音楽,0.0006800887027853,0.0004990196933871,0.0011791083961724,感情特化,2,True,925
させ,0.0006946111280544,0.0004830569321034,0.0011776680601578,感情特化,2,True,926
発生,0.0010239720965425,0.000152489170432,0.0011764612669745,感情特化,2,True,928
教えき,0.0008860006928443,0.0002903491258621,0.0011763498187064001,感情特化,3,True,929
抱え,0.000736832086529,0.0004392681377274,0.0011761002242564,感情特化,2,True,930
問題習,0.0009688352793455,0.0002069208025932,0.0011757560819387,感情特化,3,True,931
blender,0.0006961555530627,0.0004794523119926,0.0011756078650553,感情特化,7,False,932
大学,0.0010026122117867,0.0001726898102505,0.0011753020220372002,感情特化,2,True,934
一致,0.0008795841463974,0.0002950461847441,0.0011746303311415,感情特化,2,True,935
づらい,0.0008139920517288,0.0003601691589273,0.0011741612106561,感情特化,3,True,939
やり取り,0.0007498456786076,0.0004241565863291,0.0011740022649367,感情特化,4,True,940
分子,0.0007550439072979,0.0004182217849625,0.0011732656922604,感情特化,2,True,943
やっと,0.0007876592377821,0.0003849185175365,0.0011725777553186,感情特化,3,True,945
パイ,0.0009129492100328,0.0002569784410297,0.0011699276510625,感情特化,2,True,949
やり,0.0009364755447372,0.0002328316341934,0.0011693071789306,感情特化,2,True,951
見つかっ,0.000968512892723,0.0002005591988563,0.0011690720915792999,感情特化,4,True,952
きちんと習,0.0006832294166088,0.0004856501306806,0.0011688795472894,感情特化,5,True,953
物体,0.000857688114047,0.0003111861646175,0.0011688742786645,感情特化,2,True,954
やさしい,0.001001135756572,0.000166459629933,0.0011675953865049999,感情特化,4,True,956
来る,0.0009515238925814,0.0002155893792708,0.0011671132718522,感情特化,2,True,958
向き合っ,0.0009951271116733,0.0001713067293167,0.00116643384099,感情特化,4,True,961
語学,0.0007942952215671,0.0003717273473739,0.001166022568941,感情特化,2,True,962
含ま,0.0009152440354228,0.0002499479800462,0.001165192015469,感情特化,2,True,965
もらえ,0.0008831918537616,0.0002817791700363,0.0011649710237979,感情特化,3,True,967
防災,0.0007966903762684,0.000367547902796,0.0011642382790644,感情特化,2,True,968
例えば,0.0007723443210124,0.0003915136059125,0.0011638579269249,感情特化,3,True,971
進路,0.0008433454980452,0.0003199428319931,0.0011632883300383,感情特化,2,True,973
乗り越え,0.0007049247622489,0.0004583522677421,0.001163277029991,感情特化,4,True,974
広げ,0.0008475151179092,0.0003151920224939,0.0011627071404031,感情特化,2,True,975
増える,0.0007739858701825,0.0003867396153509,0.0011607254855334,感情特化,3,True,977
数学習,0.0009070052341981,0.0002535588362,0.0011605640703981,感情特化,3,True,978
主に,0.0007273929796236,0.0004330732147483,0.0011604661943719,感情特化,2,True,979
いる感,0.0009382050484418,0.0002219018836816,0.0011601069321233999,感情特化,3,True,980
講義め,0.0007408143331607,0.0004191199938456,0.0011599343270063001,感情特化,3,True,981
外国,0.0009953627983729,0.0001636439313491,0.001159006729722,感情特化,2,True,984
付き,0.0009829511818213,0.0001742033622203,0.0011571545440415998,感情特化,2,True,987
自治,0.0009334172521318,0.0002237366778509,0.0011571539299827,感情特化,2,True,988
使え,0.0008532759334359,0.0003030630094664,0.0011563389429022999,感情特化,2,True,989
大切べ,0.0009630704919497,0.0001930609345436,0.0011561314264933,感情特化,3,True,990
せい,0.0009825945548389,0.0001716095468272,0.0011542041016660998,感情特化,2,True,996
新た,0.0009580136357266,0.0001946346903288,0.0011526483260554,感情特化,2,True,999
色々,0.0007529134750366,0.0003994120061397,0.0011523254811763,感情特化,2,True,1002
払っ,0.000912644714117,0.0002373710274696,0.0011500157415866,感情特化,2,True,1006
learning,0.0008077460030714,0.0003405014673868,0.0011482474704582,感情特化,8,False,1011
こなし,0.0006744128673575,0.000472989626402,0.0011474024937595,感情特化,3,True,1013
経験,0.0006849014755795,0.0004624244675301,0.0011473259431096,感情特化,2,True,1014
製造,0.0008486056079467,0.0002984044452508,0.0011470100531975,感情特化,2,True,1015
休憩,0.0006961210497788,0.0004508176020213,0.0011469386518001,感情特化,2,True,1016
話し,0.0007390833459794,0.0004072061993859,0.0011462895453653,感情特化,2,True,1017
手順,0.0007306235428485,0.0004154896984497,0.0011461132412982,感情特化,2,True,1018
様式,0.0006627296762807,0.0004832350781985,0.0011459647544792,感情特化,2,True,1019
難しい元,0.0009428467601537,0.000202032426993,0.0011448791871467,感情特化,4,True,1022
行列,0.0009066148141269,0.0002380254743404,0.0011446402884673001,感情特化,2,True,1023
上げる,0.0009447099020083,0.0001988510290781,0.0011435609310864,感情特化,3,True,1024
優しい,0.0006596401076892,0.0004835688862307,0.0011432089939199,感情特化,3,True,1025
する習習,0.0008105513240609,0.0003325385706765,0.0011430898947374,感情特化,4,True,1026
方法,0.0008137714146643,0.0003292191032445,0.0011429905179088,感情特化,2,True,1028
方向,0.0008974972491463,0.0002454435452818,0.0011429407944281,感情特化,2,True,1029
分かっ,0.0009213951221126,0.0002195871474143,0.0011409822695269,感情特化,3,True,1032
獲得,0.0008791195849577,0.0002602502703666,0.0011393698553243,感情特化,2,True,1036
集中,0.0009835313916915,0.0001536342004934,0.0011371655921849,感情特化,2,True,1039
アルゴリズム,0.000711843657952,0.0004252781375096,0.0011371217954616,感情特化,6,True,1040
いるべ,0.00068989608969,0.0004455340760094,0.0011354301656994,感情特化,3,True,1046
イギリス,0.0009917567949742,0.0001436294987797,0.0011353862937539,感情特化,4,True,1047
能力,0.0008635289900979,0.0002716268988908,0.0011351558889887,感情特化,2,True,1048
掘り下げ,0.0008443133795962,0.000290333348162,0.0011346467277582,感情特化,4,True,1051
ダイオード,0.000896530598402,0.0002379104495048,0.0011344410479068,感情特化,5,True,1053
ほど,0.0009512509712401,0.0001830240382867,0.0011342750095268,感情特化,2,True,1054
Reading,0.0009141877293586,0.0002192743122577,0.0011334620416163,感情特化,7,False,1056
たかっ,0.0007386984876715,0.0003946897072287,0.0011333881949002,感情特化,3,True,1057
伸ばし,0.0008645178033755,0.0002686965924042,0.0011332143957797,感情特化,3,True,1059
でき習習,0.0006393454968929,0.0004935905337333,0.0011329360306262001,感情特化,4,True,1061
レポート張っ,0.0008465196523401,0.0002862918708059,0.001132811523146,感情特化,6,True,1062
メモ,0.0008203017974819,0.0003122806697342,0.0011325824672161,感情特化,2,True,1064
後期張り,0.0008071452379226,0.000324834883213,0.0011319801211356001,感情特化,4,True,1065
おかげ習,0.0007015678745049,0.0004284118230526,0.0011299796975575,感情特化,4,True,1066
残り,0.0007586618038741,0.0003704128391814,0.0011290746430555,感情特化,2,True,1067
通り,0.0009095246593157,0.0002193646505475,0.0011288893098632,感情特化,2,True,1069
しよう,0.0008056515928458,0.0003223151874703,0.0011279667803161001,感情特化,3,True,1071
対話,0.0008356091048982,0.0002902216381496,0.0011258307430478,感情特化,2,True,1075
まし習,0.0007631421200375,0.0003625092221729,0.0011256513422103999,感情特化,3,True,1077
聞い習,0.0008371911942958,0.0002871841192245,0.0011243753135203,感情特化,3,True,1083
諮問,0.0008806949481368,0.0002427902072668,0.0011234851554036,感情特化,2,True,1085
器具,0.0007934607565402,0.000329217040225,0.0011226777967652001,感情特化,2,True,1088
欲しかっ,0.0007194741196482,0.0004027944485672,0.0011222685682154,感情特化,4,True,1089
箇所,0.0009755481172491,0.0001464355047102,0.0011219836219593,感情特化,2,True,1091
賛成,0.0006674909964203,0.0004543289542198,0.0011218199506401,感情特化,2,True,1092
する,0.0007453314563787,0.000375594397608,0.0011209258539867,感情特化,2,True,1097
学部,0.0009680597909859,0.0001525937446526,0.0011206535356385,感情特化,2,True,1098
変形,0.000913092556099,0.0002075166751941,0.0011206092312931,感情特化,2,True,1100
自身,0.0009567651811034,0.0001637087773907,0.0011204739584941,感情特化,2,True,1101
関し,0.0007297933913309,0.0003903545231126,0.0011201479144435,感情特化,2,True,1103
電気,0.0009585685450846,0.0001614214039184,0.001119989949003,感情特化,2,True,1104
決まる,0.0006385155554328,0.0004808785659926,0.0011193941214254,感情特化,3,True,1105
人権,0.0008465498685836,0.0002723783254623,0.0011189281940459,感情特化,2,True,1106
工業,0.0008555888757109,0.0002631855010986,0.0011187743768095,感情特化,2,True,1108
ますツコツ,0.0007251756531851,0.0003932922014168,0.0011184678546019,感情特化,5,True,1109
求める,0.000829152315855,0.0002882754802703,0.0011174277961253,感情特化,3,True,1110
探索,0.0006528438201972,0.0004642871873719,0.0011171310075691,感情特化,2,True,1112
計算張っ,0.0009995557367801,0.0001174345612525,0.0011169902980326001,感情特化,4,True,1114
新しい,0.0006309206018576,0.0004857592284679,0.0011166798303255,感情特化,3,True,1115
説明け,0.0006951048970222,0.0004213437438011,0.0011164486408233,感情特化,3,True,1116
最大,0.0009166993200778,0.0001991301774978,0.0011158294975756,感情特化,2,True,1117
独特,0.0008643371984362,0.0002509262412786,0.0011152634397148002,感情特化,2,True,1120
発見,0.0006802215479141,0.0004336908459663,0.0011139123938804,感情特化,2,True,1124
なし,0.0007669017489614,0.0003465067209868,0.0011134084699482,感情特化,2,True,1127
まなぶ,0.0008906779380945,0.0002217052074579,0.0011123831455524,感情特化,3,True,1129
辺り,0.0008726380765438,0.0002395793795585,0.0011122174561023,感情特化,2,True,1131
広げる,0.0009732465777132,0.000137545996242,0.0011107925739552,感情特化,3,True,1134
言及,0.0009435601532459,0.00016700476408,0.0011105649173259,感情特化,2,True,1137
応答,0.0007746981626207,0.0003357428041371,0.0011104409667578,感情特化,2,True,1138
対象,0.0006324345753951,0.0004775490273128,0.0011099836027079,感情特化,2,True,1139
対面,0.0007667841385981,0.0003421902353069,0.001108974373905,感情特化,2,True,1141
少しつ,0.0006411353436609,0.0004677080238858,0.0011088433675467,感情特化,3,True,1142
負担,0.000934800133109,0.000173478697737,0.001108278830846,感情特化,2,True,1143
訂正,0.0007722284644842,0.0003359112888574,0.0011081397533416,感情特化,2,True,1145
ずっと,0.0009198680203011,0.0001870820179898,0.0011069500382909,感情特化,3,True,1147
しかし,0.0008363872021436,0.000270202178508,0.0011065893806516,感情特化,3,True,1149
おり,0.0006672231247648,0.000439268666216,0.0011064917909808,感情特化,2,True,1150
法則,0.0007044505327939,0.0004019388819442,0.0011063894147381,感情特化,2,True,1151
Ward,0.0008442647755146,0.0002614855766296,0.0011057503521442,感情特化,4,False,1152
性質,0.0009295364672487,0.0001762048764662,0.0011057413437149,感情特化,2,True,1153
どこ,0.0009323805900274,0.0001723514457719,0.0011047320357993,感情特化,2,True,1155
延長,0.0007528554972099,0.0003494239695694,0.0011022794667793,感情特化,2,True,1161
真面目,0.0006114252391132,0.0004903000253852,0.0011017252644984,感情特化,3,True,1162
音声,0.0006025860021854,0.000498279929161,0.0011008659313464,感情特化,2,True,1164
論理,0.0007431366565552,0.0003554246981035,0.0010985613546587,感情特化,2,True,1167
ディジタル,0.0008380511267618,0.0002603754401206,0.0010984265668824,感情特化,5,True,1169
づけ,0.0006607344581021,0.0004362165927886,0.0010969510508907002,感情特化,2,True,1174
褒め,0.0008046279350916,0.0002917895714441,0.0010964175065357,感情特化,2,True,1175
部屋,0.0008823493761675,0.000213195170675,0.0010955445468425,感情特化,2,True,1176
いまいち,0.0008439493293945,0.0002506627486302,0.0010946120780247,感情特化,4,True,1177
素早く,0.0006662104278802,0.0004281848669052,0.0010943952947854,感情特化,3,True,1178
バック,0.0008324842900037,0.0002611830830574,0.0010936673730611,感情特化,3,True,1181
いきなり,0.0009056868461462,0.0001877231093553,0.0010934099555015,感情特化,4,True,1182
テイラー,0.0006817618850618,0.0004112813621759,0.0010930432472377,感情特化,4,True,1183
恋愛,0.0006316779181361,0.0004598421769009,0.0010915200950369999,感情特化,2,True,1184
改めて,0.0007645134299771,0.0003267186346338,0.0010912320646109,感情特化,3,True,1185
自己,0.0007204788012637,0.0003706118653691,0.0010910906666328,感情特化,2,True,1186
代わっ,0.0008662901818752,0.0002240116397539,0.0010903018216291,感情特化,3,True,1188
アメリカ,0.0005987423161665,0.0004909001290798,0.0010896424452463,感情特化,4,True,1189
学年,0.0006431884943477,0.0004461660019813,0.0010893544963289999,感情特化,2,True,1190
組み立て,0.0007445234805345,0.0003443378955125,0.001088861376047,感情特化,4,True,1192
起き,0.0009437537519261,0.0001438881736248,0.0010876419255509001,感情特化,2,True,1194
聞き取りらかっ,0.0006703893757528,0.0004162179927031,0.0010866073684559,感情特化,7,True,1197
購入,0.0007480704225599,0.0003384137526154,0.0010864841751753,感情特化,2,True,1198
だら,0.0009366114224706,0.0001497023871966,0.0010863138096672,感情特化,2,True,1199
後期,0.0007319082348149,0.0003543334965736,0.0010862417313885,感情特化,2,True,1200
終了,0.0007722203309337,0.0003136788805325,0.0010858992114662,感情特化,2,True,1201
特に,0.0008174859807451,0.00026800516826,0.0010854911490051,感情特化,2,True,1203
サイト,0.0007195353115859,0.0003655274447641,0.00108506275635,感情特化,3,True,1204
積分習,0.0008864306977816,0.000197875712599,0.0010843064103805999,感情特化,3,True,1207
防止,0.0006350383839823,0.0004460723562674,0.0010811107402497,感情特化,2,True,1212
高め,0.0008161695854317,0.0002645208470283,0.0010806904324600001,感情特化,2,True,1213
なくなっ,0.0006345960757006,0.0004450079539547,0.0010796040296553,感情特化,4,True,1216
教室,0.000602787733078,0.000476707642277,0.001079495375355,感情特化,2,True,1217
つくっ,0.0007204838097095,0.0003582507371902,0.0010787345468997,感情特化,3,True,1219
満足,0.0009295205275217,0.000149164845546,0.0010786853730677,感情特化,2,True,1220
媒体,0.000826648539967,0.0002519612510999,0.0010786097910669,感情特化,2,True,1221
後悔,0.0007505761864392,0.0003270604040311,0.0010776365904703,感情特化,2,True,1224
字幕,0.0007561862468719,0.0003212511539459,0.0010774374008178,感情特化,2,True,1225
思わ,0.0007133177513706,0.0003640560497497,0.0010773738011202998,感情特化,2,True,1226
現実,0.0007708193734288,0.0003062269339958,0.0010770463074246,感情特化,2,True,1228
ラプラス,0.0006566541590567,0.0004202717080198,0.0010769258670765,感情特化,4,True,1229
充分,0.0006163517634073,0.000460377583901,0.0010767293473083,感情特化,2,True,1230
とっ習,0.0007601833591858,0.0003149559100468,0.0010751392692326,感情特化,3,True,1236
AIM,0.000618284487206,0.0004565641283988,0.0010748486156048,感情特化,3,False,1237
いこう,0.0008255486972019,0.0002488898204975,0.0010744385176993999,感情特化,3,True,1239
キー,0.0008951337076723,0.0001785568892955,0.0010736905969678,感情特化,2,True,1241
クラス,0.0008916731669821,0.00018174274627,0.0010734159132521,感情特化,3,True,1242
循環,0.0008318543434143,0.0002415597438812,0.0010734140872955,感情特化,2,True,1243
知れ,0.0006377459902063,0.0004354847545644,0.0010732307447707,感情特化,2,True,1244
初心,0.000836191078027,0.0002366602420806,0.0010728513201076,感情特化,2,True,1245
同じ,0.0008367144202436,0.0002354951219154,0.001072209542159,感情特化,2,True,1246
スピード度,0.0008298132036413,0.0002423077821731,0.0010721209858144,感情特化,5,True,1247
映像,0.0009466418552966,0.0001245629751966,0.0010712048304932,感情特化,2,True,1248
物理習,0.0008651831497748,0.0002059551576773,0.0010711383074521,感情特化,3,True,1249
内容習,0.0008468331440406,0.0002236171680338,0.0010704503120744,感情特化,3,True,1250
マナー,0.0008353146096301,0.0002347196257391,0.0010700342353692,感情特化,3,True,1251
つなげ,0.0009541047307161,0.0001153455903896,0.0010694503211057,感情特化,3,True,1253
勧め,0.0009070831361446,0.0001622886721337,0.0010693718082783,感情特化,2,True,1254
やめ,0.0008207008242607,0.0002481998254855,0.0010689006497462,感情特化,2,True,1255
モチベーション,0.0008870160616025,0.0001810193061828,0.0010680353677853,感情特化,7,True,1257
など習,0.0008532828448907,0.0002146755223688,0.0010679583672594999,感情特化,3,True,1258
興味い,0.0007242565353711,0.0003432504832744,0.0010675070186455002,感情特化,3,True,1259
まとまっ,0.0008172416687011,0.0002500849962234,0.0010673266649245,感情特化,4,True,1260
言える,0.0008234804762261,0.0002437829971313,0.0010672634733574,感情特化,3,True,1262
その,0.0009189789457959,0.0001475625458499,0.0010665414916458,感情特化,2,True,1264
からう,0.000836132466793,0.0002300962805747,0.0010662287473677,感情特化,3,True,1265
スタート,0.0007180669344961,0.000347688794136,0.0010657557286321,感情特化,4,True,1266
出る,0.0008087094703858,0.0002569443630901,0.0010656538334759,感情特化,2,True,1268
年度,0.0008349563999503,0.0002306623055654,0.0010656187055157,感情特化,2,True,1269
気候,0.0005915723741054,0.0004739880561828,0.0010655604302882002,感情特化,2,True,1270
50,0.0007407553493976,0.0003243297338485,0.0010650850832461,感情特化,2,False,1274
くれ習,0.000789961276146,0.0002748037760074,0.0010647650521534,感情特化,3,True,1275
やすかっ書,0.0007941678166389,0.000270564854145,0.0010647326707838999,感情特化,5,True,1276
ポイント,0.0007086214609444,0.0003556223924864,0.0010642438534308,感情特化,4,True,1278
やりがい,0.0006867232599428,0.0003774310861315,0.0010641543460743,感情特化,4,True,1279
ものづくり,0.0006716405351956,0.000392510741949,0.0010641512771446,感情特化,5,True,1280
さらに,0.0007049581736967,0.0003586129475665,0.0010635711212632001,感情特化,3,True,1281
たいへん,0.0005861994411264,0.0004769627537046,0.001063162194831,感情特化,4,True,1282
おおく,0.0007781095125458,0.0002849535508589,0.0010630630634047,感情特化,3,True,1283
可能,0.0005695799241463,0.0004927058021227,0.001062285726269,感情特化,2,True,1284
安く,0.0007478786366326,0.0003142740045275,0.0010621526411601,感情特化,2,True,1285
動い,0.0005638314919038,0.0004982690919529,0.0010621005838567,感情特化,2,True,1286
距離,0.0006473932415246,0.0004145748913288,0.0010619681328534,感情特化,2,True,1287
物理修,0.0006652598579724,0.0003963746130466,0.001061634471019,感情特化,3,True,1289
ところどころ,0.0007746960967779,0.0002868592739105,0.0010615553706884,感情特化,6,True,1290
対処,0.0007964751737959,0.0002650114543297,0.0010614866281256,感情特化,2,True,1291
かけ,0.0007773077895128,0.000284100687781,0.0010614084772938,感情特化,2,True,1292
応用,0.0007298022730054,0.0003315408460118,0.0010613431190172,感情特化,2,True,1293
指標,0.0006410509347915,0.0004195153713226,0.0010605663061141,感情特化,2,True,1294
純粋,0.0005985212258317,0.0004616291685537,0.0010601503943854,感情特化,2,True,1296
やっぱり,0.0006935108039114,0.0003657970163557,0.0010593078202671,感情特化,4,True,1298
特化,0.0009533272435267,0.0001054033637046,0.0010587306072313,感情特化,2,True,1299
ウェル,0.0006595986107221,0.0003990255869351,0.0010586241976572,感情特化,3,True,1300
理解らかっ,0.0008176126413875,0.0002404650052388,0.0010580776466263,感情特化,5,True,1302
変わり,0.0008912323093092,0.00016678547537,0.0010580177846792002,感情特化,3,True,1303
更なる,0.0006349477916955,0.0004227881630261,0.0010577359547216001,感情特化,3,True,1304
触れる,0.0008782909598446,0.0001780807863186,0.0010563717461632,感情特化,3,True,1305
なんて,0.0009418468922376,0.0001142598688602,0.0010561067610978,感情特化,3,True,1306
共有,0.0007551820189864,0.000300182926434,0.0010553649454204,感情特化,2,True,1307
せよう,0.0005902539938688,0.0004650175571441,0.0010552715510129,感情特化,3,True,1308
生成,0.0005916984130938,0.0004633540908495,0.0010550525039433,感情特化,2,True,1309
思い出し,0.0006127381011059,0.000442124903202,0.0010548630043079,感情特化,4,True,1311
綺麗,0.0009344846010208,0.0001202285289764,0.0010547131299972,感情特化,2,True,1312
課題題,0.000692823103496,0.0003613818969045,0.0010542050004005,感情特化,3,True,1313
30,0.000739923160937,0.000314152903027,0.001054076063964,感情特化,2,False,1314
要因,0.0006678745150566,0.0003855094313621,0.0010533839464186999,感情特化,2,True,1316
大きく,0.0006488866151072,0.0004043545314045,0.0010532411465117,感情特化,3,True,1317
製作,0.0007620445616981,0.0002911614582819,0.00105320601998,感情特化,2,True,1318
ないしかっ,0.0006962142884731,0.0003569245338439,0.001053138822317,感情特化,5,True,1319
受ける,0.0008180979411677,0.0002349892483223,0.00105308718949,感情特化,3,True,1320
周り,0.0008690403217179,0.0001838809659338,0.0010529212876517,感情特化,2,True,1321
アイデア,0.0008424553088843,0.0002102348953485,0.0010526902042328,感情特化,4,True,1323
筋肉,0.0007829206685225,0.0002696514129638,0.0010525720814863,感情特化,2,True,1324
変化,0.0008438580359021,0.0002081498710645,0.0010520079069666001,感情特化,2,True,1326
ウィルス,0.000761542469263,0.000290423631668,0.001051966100931,感情特化,4,True,1327
広くく,0.0006746649742126,0.0003770822659134,0.001051747240126,感情特化,3,True,1329
てれ丈夫,0.0006065010610553,0.0004449006583955,0.0010514017194508,感情特化,4,True,1332
たまに,0.000755309236127,0.0002958421389777,0.0010511513751047,感情特化,3,True,1334
上がり,0.0006954017019755,0.0003553375199034,0.0010507392218789,感情特化,3,True,1335
分かりく,0.000847435423306,0.0002033029283796,0.0010507383516856,感情特化,4,True,1336
備え,0.0006301278869311,0.0004202880793147,0.0010504159662458,感情特化,2,True,1339
つい習,0.0006781462579965,0.0003719478845596,0.0010500941425561,感情特化,3,True,1340
まだ,0.0006477409549573,0.0004018877844999,0.0010496287394572,感情特化,2,True,1341
気づき,0.0007576178759336,0.0002919770777225,0.0010495949536560999,感情特化,3,True,1342
一緒,0.0006719270100196,0.0003774179352654,0.001049344945285,感情特化,2,True,1344
つい直す,0.0008426240334908,0.0002061749498049,0.0010487989832957,感情特化,4,True,1345
とる,0.0008532440023762,0.0001944496518089,0.0010476936541851,感情特化,2,True,1348
取り掛かっ,0.0005688771605491,0.0004780247807502,0.0010469019412993,感情特化,5,True,1350
三角,0.0007413356350018,0.0003051270659153,0.0010464627009171001,感情特化,2,True,1351
生徒,0.0007310030555509,0.000315224662064,0.0010462277176149,感情特化,2,True,1353
入り,0.0008713147544767,0.000174724147655,0.0010460389021317,感情特化,2,True,1354
面白い,0.0006158607771042,0.0004294028762599,0.0010452636533641,感情特化,3,True,1358
なら,0.0005724404887719,0.0004727752100337,0.0010452156988056001,感情特化,2,True,1359
ダメ,0.0007524127140641,0.0002922895364463,0.0010447022505104,感情特化,2,True,1361
個性,0.0006133591135342,0.0004310583074887,0.0010444174210228999,感情特化,2,True,1363
アナウンス,0.0007513665727206,0.0002921958054815,0.0010435623782021,感情特化,5,True,1364
意識,0.0005456709262469,0.0004976602514152,0.0010433311776621,感情特化,2,True,1365
ありがたい,0.0007061255566867,0.0003364514789463,0.001042577035633,感情特化,5,True,1367
近い,0.0006768501781184,0.0003651437060586,0.001041993884177,感情特化,2,True,1369
取引,0.000736058379213,0.0003053769469261,0.0010414353261391,感情特化,2,True,1373
日本,0.0008073645263817,0.000232379941554,0.0010397444679357,感情特化,2,True,1375
やすく,0.0007507506976579,0.0002888320312489,0.0010395827289068,感情特化,3,True,1377
事件,0.0008548721671104,0.0001846700906753,0.0010395422577857,感情特化,2,True,1379
アジア,0.0006777280498118,0.0003614695299239,0.0010391975797357,感情特化,3,True,1381
少なかっ,0.0008559703242545,0.0001829866246849,0.0010389569489394,感情特化,4,True,1382
うまく,0.0007314168077002,0.0003069068795891,0.0010383236872893,感情特化,3,True,1384
おかげ,0.000895008633674,0.0001423070968036,0.0010373157304775999,感情特化,3,True,1386
書き込ん,0.0009028252214193,0.0001336030662059,0.0010364282876252,感情特化,4,True,1388
部分,0.0008727523560325,0.0001634617977672,0.0010362141537997001,感情特化,2,True,1390
入ら,0.0008211256936192,0.0002149362117052,0.0010360619053243999,感情特化,2,True,1391
あまり,0.0006727745041143,0.0003622672858013,0.0010350417899156,感情特化,3,True,1394
タッチ,0.000771141052246,0.0002634018659591,0.0010345429182051,感情特化,3,True,1395
力学,0.0006854346585135,0.0003489481444044,0.0010343828029179,感情特化,2,True,1396
方程,0.0008803671432865,0.0001539138456185,0.001034280988905,感情特化,2,True,1397
また,0.0008514911115527,0.0001825370409624,0.0010340281525151001,感情特化,2,True,1399
いただき,0.0008038450086306,0.0002289261518186,0.0010327711604492,感情特化,4,True,1401
取り扱う,0.0009028102374739,0.0001299108068148,0.0010327210442887,感情特化,4,True,1402
図書,0.0005754637221495,0.0004570384820302,0.0010325022041797,感情特化,2,True,1403
教材,0.0008923843502998,0.0001393338044484,0.0010317181547482,感情特化,2,True,1405
言っ,0.0007809587329828,0.0002503267356327,0.0010312854686155,感情特化,2,True,1406
カメラ,0.0007809162139892,0.0002498969435691,0.0010308131575583,感情特化,3,True,1408
たらい,0.0008679724165371,0.0001620958958353,0.0010300683123724,感情特化,3,True,1409
ため,0.0006297542131505,0.0003996794500077,0.0010294336631582,感情特化,2,True,1410
キツい,0.0007850974798202,0.0002433717250823,0.0010284692049025,感情特化,3,True,1411
筆記,0.0006129468480745,0.000415510435899,0.0010284572839735,感情特化,2,True,1412
用いる,0.000823269598186,0.000205101015476,0.001028370613662,感情特化,3,True,1413
質問,0.000683731229331,0.0003444563884001,0.0010281876177311,感情特化,2,True,1414
ギリギリ,0.0008644595742225,0.0001633194585641,0.0010277790327866,感情特化,4,True,1418
種類,0.0006288261285849,0.0003974995442799,0.0010263256728648,感情特化,2,True,1419
経済,0.0008943159657286,0.000131386994409,0.0010257029601376,感情特化,2,True,1421
コミュニーケーション,0.0008539319038391,0.0001707956194877,0.0010247275233267999,感情特化,10,True,1424
さらい,0.0006962635864814,0.0003282638887564,0.0010245274752378,感情特化,3,True,1425
しまっ,0.0008318160202295,0.0001918606400962,0.0010236766603257,感情特化,3,True,1428
良く,0.0008015006975229,0.0002217048139714,0.0010232055114943,感情特化,2,True,1429
高校,0.0008612135822362,0.000161704982617,0.0010229185648532,感情特化,2,True,1430
みんな,0.0006817568440076,0.0003409065710481,0.0010226634150557,感情特化,3,True,1431
興味,0.0007621481790849,0.0002601264376741,0.001022274616759,感情特化,2,True,1432
くれかっ,0.0007078568968507,0.0003140750858518,0.0010219319827025,感情特化,4,True,1434
ならっ,0.0007255934178829,0.0002963319420814,0.0010219253599643,感情特化,3,True,1435
この,0.0007436764835928,0.0002774725919517,0.0010211490755445,感情特化,2,True,1437
臨む,0.0006569026098135,0.000364031762846,0.0010209343726595,感情特化,2,True,1438
こう,0.0008123231430848,0.000208332358549,0.0010206555016338,感情特化,2,True,1439
にくく,0.0005343073736066,0.0004861034128976,0.0010204107865042001,感情特化,3,True,1441
明るく,0.0008428511209785,0.0001774746924638,0.0010203258134423,感情特化,3,True,1442
一般,0.0008656986057758,0.0001524458328882,0.001018144438664,感情特化,2,True,1444
持参,0.0007117934525012,0.0003061935305595,0.0010179869830607,感情特化,2,True,1445
おもしろかっ,0.0009163021420439,0.0001016107077399,0.0010179128497838,感情特化,6,True,1446
プリント習,0.0005967108798878,0.0004210349704538,0.0010177458503415999,感情特化,5,True,1448
II修,0.0006137409557898,0.0004039543370405,0.0010176952928303,感情特化,3,True,1449
安心,0.0006538649193114,0.0003631324679763,0.0010169973872877001,感情特化,2,True,1450
変換,0.0006589694590917,0.0003578355214719,0.0010168049805636,感情特化,2,True,1452
要求,0.0008553694933652,0.0001611062325537,0.0010164757259189,感情特化,2,True,1453
読み取れる,0.000569254780809,0.0004468175272146,0.0010160723080236,感情特化,5,True,1454
あと,0.0007710210540715,0.0002446301719721,0.0010156512260435999,感情特化,2,True,1457
主張,0.0005368317663669,0.0004783874750137,0.0010152192413806001,感情特化,2,True,1458
なくなり,0.0006634529966574,0.0003517510799261,0.0010152040765835,感情特化,4,True,1459
バランス,0.0006627171403831,0.000352282077074,0.0010149992174571,感情特化,4,True,1460
幅広い,0.0007834103615844,0.000231455792399,0.0010148661539834,感情特化,3,True,1461
ペース,0.0006359466204517,0.0003787384221428,0.0010146850425945,感情特化,3,True,1463
丁寧,0.0007157841751324,0.0002986972764638,0.0010144814515962,感情特化,2,True,1464
ありがとう,0.0005378071466974,0.0004764106220734,0.0010142177687708,感情特化,5,True,1465
少々,0.0006290972232818,0.0003849154009538,0.0010140126242356,感情特化,2,True,1466
語彙,0.0007892522960901,0.0002246479193369,0.001013900215427,感情特化,2,True,1467
よっ習,0.0008029602468013,0.0002106219530105,0.0010135821998118,感情特化,3,True,1468
洋楽,0.0008426601998507,0.000170691559712,0.0010133517595627,感情特化,2,True,1470
PC,0.0005925106080739,0.0004205046907851,0.001013015298859,感情特化,2,False,1471
いい,0.0007113573198059,0.000300117255466,0.0010114745752719,感情特化,2,True,1473
キャリア,0.000713052568384,0.0002963527177388,0.0010094052861228,感情特化,4,True,1475
法律,0.0006242790041822,0.0003849801337607,0.0010092591379429,感情特化,2,True,1476
英語べる,0.0006640298912922,0.0003450214862823,0.0010090513775745,感情特化,4,True,1477
などっ,0.0007509775459766,0.000257508456707,0.0010084860026836,感情特化,3,True,1480
合っ,0.0005446686535268,0.0004635365629518,0.0010082052164785999,感情特化,2,True,1481
電磁,0.0005636524271081,0.0004428274653576,0.0010064798924657,感情特化,2,True,1483
技術得,0.0006027348339557,0.0004034042358398,0.0010061390697955,感情特化,3,True,1484
触れ,0.0008111424921523,0.0001942561495871,0.0010053986417394,感情特化,2,True,1485
見れる,0.0006365517952612,0.0003684060204596,0.0010049578157207998,感情特化,3,True,1486
当てる,0.0006465259939432,0.000357744594415,0.0010042705883582,感情特化,3,True,1487
分析,0.0005629031686112,0.0004411687608808,0.001004071929492,感情特化,2,True,1488
いえ,0.0009187470376491,8.495599031448365e-05,0.0010037030279635836,感情特化,2,True,1489
なおし,0.0006907526403665,0.0003122587998708,0.0010030114402373,感情特化,3,True,1490
付ける,0.0006775352269855,0.0003253470605878,0.0010028822875732999,感情特化,3,True,1491
向け習,0.0008105427026748,0.0001921340823173,0.0010026767849921,感情特化,3,True,1492
作っ,0.0008150921785272,0.0001874701702035,0.0010025623487307,感情特化,2,True,1494
材料,0.0007214896380901,0.0002801289612596,0.0010016185993497,感情特化,2,True,1496
勉強,0.0005717786611772,0.0004294911210933,0.0010012697822705,感情特化,2,True,1497
読ん,0.0007653260921559,0.0002352260961765,0.0010005521883324,感情特化,2,True,1501
進ま,0.0005985465408726,0.0004018118435686,0.0010003583844412,感情特化,2,True,1502
ワード,0.0005508962397774,0.0004488721282945,0.0009997683680719,感情特化,3,True,1505
打っ,0.0006761223077774,0.0003231987357139,0.0009993210434913,感情特化,2,True,1506
英文,0.00079069806488,0.0002080695805968,0.0009987676454768,感情特化,2,True,1507
動かさ,0.0006880510066236,0.0003106189625603,0.0009986699691839,感情特化,3,True,1508
近年,0.0008406325110367,0.0001573573265756,0.0009979898376123,感情特化,2,True,1510
重要,0.0005854784525879,0.0004124954716219,0.0009979739242098,感情特化,2,True,1511
くれるかっ,0.0007528263543333,0.0002443769148417,0.0009972032691749999,感情特化,5,True,1513
家族,0.0005668386478315,0.0004297953776337,0.0009966340254652,感情特化,2,True,1515
登校,0.0006769798696041,0.000319592654705,0.0009965725243090999,感情特化,2,True,1516
生き,0.0007338447496294,0.0002623050163189,0.0009961497659483,感情特化,2,True,1517
哲学,0.0007642613580593,0.0002301289485051,0.0009943903065644001,感情特化,2,True,1521
良い習,0.0007604018531062,0.0002337094735015,0.0009941113266077,感情特化,3,True,1522
くれるかり,0.0005856884213594,0.0004083382395597,0.0009940266609191,感情特化,5,True,1523
欠席,0.0005558558102501,0.0004379090509916,0.0009937648612417,感情特化,2,True,1524
部品,0.0007693950871103,0.0002239428852733,0.0009933379723836,感情特化,2,True,1525
忘れ,0.0006238709111916,0.0003693322938533,0.0009932032050449001,感情特化,2,True,1526
あっ習習,0.0005619473755359,0.0004307314753532,0.0009926788508891,感情特化,4,True,1527
取り組ま,0.0007237339658396,0.0002689079514571,0.0009926419172967,感情特化,4,True,1528
ない感,0.000503797084093,0.0004888409748673,0.0009926380589602999,感情特化,3,True,1529
印刷,0.0006826737895607,0.0003086814656853,0.0009913552552459999,感情特化,2,True,1532
開始,0.0005216063000261,0.0004695677198469,0.000991174019873,感情特化,2,True,1533
なくす,0.0007361844182014,0.0002539932727813,0.0009901776909827,感情特化,3,True,1534
伝え,0.0005720311775803,0.0004171724120775,0.0009892035896578001,感情特化,2,True,1537
なおす,0.0006935312412679,0.000295553356409,0.0009890845976769,感情特化,3,True,1538
最高,0.000538951344788,0.0004499286413192,0.0009888799861072,感情特化,2,True,1539
つかめ,0.000746414065361,0.0002423554658889,0.0009887695312499,感情特化,3,True,1540
数々,0.0005660661392741,0.0004218386279212,0.0009879047671953,感情特化,2,True,1541
です点,0.0007287609790052,0.0002583510109356,0.0009871119899408,感情特化,3,True,1544
60,0.0006225947290658,0.0003629345446825,0.0009855292737483,感情特化,2,False,1547
一人一人,0.0008081518527534,0.0001761859489811,0.0009843378017345,感情特化,4,True,1550
かい,0.0006959918886423,0.0002879038453102,0.0009838957339525,感情特化,2,True,1551
多くしかっ,0.0005578885061873,0.0004257741901609,0.0009836626963482,感情特化,5,True,1553
入門,0.0006022785036336,0.0003808832594326,0.0009831617630662,感情特化,2,True,1555
恐れ,0.0006576431915163,0.0003252318128943,0.0009828750044106,感情特化,2,True,1557
生きる,0.0008242772892117,0.0001571271568536,0.0009814044460653,感情特化,3,True,1561
繰り返す,0.0006801978581481,0.0003008916974067,0.0009810895555548,感情特化,4,True,1564
上がる,0.0006045810878276,0.0003764951421368,0.0009810762299644,感情特化,3,True,1565
でき題,0.0007546909153461,0.0002262279391288,0.0009809188544749,感情特化,3,True,1566
どれ,0.0007675029893419,0.0002131851862615,0.0009806881756033998,感情特化,2,True,1569
当たり前,0.0008359648011348,0.0001440197229385,0.0009799845240733,感情特化,4,True,1570
なお,0.0007050395011901,0.0002749308943748,0.0009799703955649,感情特化,2,True,1571
いたし,0.0005423142574727,0.0004376266151666,0.0009799408726393,感情特化,3,True,1572
応援,0.0007508885115385,0.000228077173233,0.0009789656847715,感情特化,2,True,1574
見直し,0.0007785770896018,0.0001999880461131,0.0009785651357149,感情特化,3,True,1576
固める,0.0005719608494213,0.0004062131047248,0.0009781739541461,感情特化,3,True,1577
つくり,0.0007286183536052,0.0002490431070327,0.0009776614606379001,感情特化,3,True,1578
内容べ,0.0008628848526212,0.0001132256454891,0.0009761104981102999,感情特化,3,True,1581
ほぼ,0.0006991451428759,0.0002765952210341,0.00097574036391,感情特化,2,True,1583
プリント点,0.0005089916288852,0.0004664286971092,0.0009754203259943999,感情特化,5,True,1584
兼ね,0.0007471673190593,0.0002281904220581,0.0009753577411174,感情特化,2,True,1585
チャレンジ,0.0008083775173872,0.0001668594777584,0.0009752369951456,感情特化,5,True,1586
コメント難う,0.000597661851268,0.0003775613088356,0.0009752231601036,感情特化,6,True,1587
とてもかっ,0.0007278382157286,0.0002473105366031,0.0009751487523317,感情特化,5,True,1589
ことば,0.0007816538214683,0.0001934304833412,0.0009750843048094999,感情特化,3,True,1590
人体,0.000853195041418,0.0001218259334564,0.0009750209748744,感情特化,2,True,1591
やす,0.000660391524434,0.0003140957227775,0.0009744872472115,感情特化,2,True,1592
省略,0.0005990057252347,0.0003752913326025,0.0009742970578371999,感情特化,2,True,1593
しんどかっ,0.000537946075201,0.0004359677433967,0.0009739138185977,感情特化,5,True,1594
生物,0.0006818540563637,0.0002915777943351,0.0009734318506988,感情特化,2,True,1596
すでに,0.0007600001990795,0.0002127394080162,0.0009727396070957,感情特化,3,True,1599
クリッカー,0.0007646466294924,0.0002079466978708,0.0009725933273631999,感情特化,5,True,1601
知識まっ,0.0007859697299344,0.0001864177840096,0.000972387513944,感情特化,4,True,1602
多々,0.0006792820939743,0.0002921167761087,0.0009713988700830001,感情特化,2,True,1604
わかっ,0.0007836855947971,0.0001875581271821,0.0009712437219792001,感情特化,3,True,1606
同士,0.0006985709899001,0.0002725993593533,0.0009711703492534,感情特化,2,True,1609
たらしい,0.0007832561220441,0.0001871319753783,0.0009703880974224,感情特化,4,True,1611
充実,0.0006371849008555,0.000332408666032,0.0009695935668875,感情特化,2,True,1612
解消,0.0008200146257877,0.0001491236465948,0.0009691382723824999,感情特化,2,True,1614
繋がる,0.0005646477142969,0.0004044617215792,0.0009691094358761,感情特化,3,True,1615
どんどん,0.0006557689048349,0.0003130479405323,0.0009688168453672,感情特化,4,True,1616
やすい,0.0005435419818561,0.0004249085977264,0.0009684505795825001,感情特化,3,True,1617
済み,0.0007485371083021,0.0002193450927734,0.0009678822010755,感情特化,2,True,1618
行う,0.0006262989042968,0.0003414476198739,0.0009677465241707001,感情特化,2,True,1619
引き続き,0.0006677393869655,0.0002997535757902,0.0009674929627557,感情特化,4,True,1620
しっかりれ,0.0007865168154239,0.0001807038982709,0.0009672207136948,感情特化,5,True,1621
授業点,0.0005977037362754,0.0003694174811244,0.0009671212173998,感情特化,3,True,1622
持ち込める,0.0006662325135299,0.000300360577447,0.0009665930909769,感情特化,5,True,1625
近隣,0.0005286512896418,0.0004378668963909,0.0009665181860327001,感情特化,2,True,1626
熱心,0.0005598244783671,0.0004066236965034,0.0009664481748705,感情特化,2,True,1627
起こっ,0.0005469524767249,0.0004190450999885,0.0009659975767134,感情特化,3,True,1629
引用,0.0006044345597426,0.0003610998392105,0.0009655343989531,感情特化,2,True,1631
下さり,0.0007959854505632,0.0001692770291929,0.0009652624797561,感情特化,3,True,1633
事業,0.0006020562723278,0.0003631627187132,0.000965218991041,感情特化,2,True,1634
定数,0.0007442701607942,0.0002200963596502,0.0009643665204444,感情特化,2,True,1637
ゼミ,0.0005523576461649,0.0004118198117652,0.0009641774579301,感情特化,2,True,1638
マスター,0.0007737293425533,0.0001899475852648,0.0009636769278181,感情特化,4,True,1640
フレーズ,0.0007048297673463,0.0002587646245956,0.0009635943919419001,感情特化,4,True,1641
以降,0.0008211867687733,0.0001416130873717,0.000962799856145,感情特化,2,True,1642
人類,0.0008292344088355,0.0001331884413957,0.0009624228502312,感情特化,2,True,1644
昨年,0.0005178096202703,0.0004443451762199,0.0009621547964902,感情特化,2,True,1647
描い,0.0006214988728364,0.0003404046098391,0.0009619034826755,感情特化,2,True,1648
10,0.0005689287852299,0.0003929489145153,0.0009618776997452,感情特化,2,False,1649
正解,0.0006618669877449,0.0002995001773039,0.0009613671650488,感情特化,2,True,1651
範囲,0.0006978069577598,0.0002628410002216,0.0009606479579814,感情特化,2,True,1652
発表,0.0007041427978054,0.0002563492235568,0.0009604920213622001,感情特化,2,True,1653
濃く,0.0007113347259851,0.0002491158934739,0.000960450619459,感情特化,2,True,1654
レポート,0.0006660055093791,0.0002941520836042,0.0009601575929832999,感情特化,4,True,1656
できれ,0.0008067282200869,0.0001529423614679,0.0009596705815548,感情特化,3,True,1657
こなせ,0.0005655954591929,0.0003937830527623,0.0009593785119551999,感情特化,3,True,1658
講演,0.0008236266672611,0.0001341387629508,0.0009577654302119,感情特化,2,True,1662
温度,0.0006052810284826,0.0003521790107091,0.0009574600391917,感情特化,2,True,1663
いけ丈夫,0.0006988016622407,0.0002580572451863,0.000956858907427,感情特化,4,True,1665
段階,0.0005750634840556,0.0003815092855975,0.0009565727696531,感情特化,2,True,1666
不良,0.000575827434659,0.0003801129758358,0.0009559404104948,感情特化,2,True,1667
JAVA,0.0008054040372371,0.0001503974199295,0.0009558014571666,感情特化,4,False,1669
伝統,0.0006927180696617,0.0002622482451525,0.0009549663148141999,感情特化,2,True,1671
事項,0.0005583593414889,0.0003965060330099,0.0009548653744988001,感情特化,2,True,1672
速い,0.00053085846936,0.0004236411084147,0.0009544995777747,感情特化,2,True,1673
のみ,0.000661218186488,0.000293138663511,0.0009543568499990001,感情特化,2,True,1674
簡易,0.0007704155785696,0.0001833076987947,0.0009537232773643,感情特化,2,True,1677
誤差,0.0006734271134649,0.0002799385360309,0.0009533656494958,感情特化,2,True,1678
どの,0.0006026785653293,0.0003504932763871,0.0009531718417164,感情特化,2,True,1679
集合,0.0005814716219902,0.000371515750885,0.0009529873728752,感情特化,2,True,1680
終える,0.0007824621473749,0.0001705003281434,0.0009529624755183,感情特化,3,True,1681
メディア,0.0005775094032287,0.0003751570528203,0.000952666456049,感情特化,4,True,1682
広い,0.0005741582616515,0.0003779792915219,0.0009521375531734,感情特化,2,True,1683
毎週習,0.0005085464153024,0.0004430711269378,0.0009516175422402001,感情特化,3,True,1686
フーリエ数,0.0005002938210964,0.0004512846469879,0.0009515784680843001,感情特化,5,True,1687
ベクトル,0.0007319268412314,0.0002189242782501,0.0009508511194815,感情特化,4,True,1689
それ,0.0007243569659656,0.0002263002778024,0.0009506572437680001,感情特化,2,True,1690
合い,0.0005175818999608,0.000432938337326,0.0009505202372868001,感情特化,2,True,1691
早く,0.000551784118893,0.0003986621360763,0.0009504462549693,感情特化,2,True,1692
授業修,0.0006138148407141,0.0003353226042929,0.000949137445007,感情特化,3,True,1693
あらかじめ,0.0005419181988519,0.0004066553185967,0.0009485735174485999,感情特化,5,True,1696
とてもれしかっ,0.000673970580101,0.0002745226025581,0.0009484931826591,感情特化,7,True,1697
まし書,0.0005497313104569,0.0003982655704021,0.000947996880859,感情特化,3,True,1698
エンジン,0.0008594075010882,8.857912487453884e-05,0.0009479866259627388,感情特化,4,True,1699
ウイルス,0.000731817688103,0.0002160577310456,0.0009478754191486,感情特化,4,True,1700
翻訳,0.0006552230890678,0.0002923034455465,0.0009475265346143001,感情特化,2,True,1701
ソート,0.0006003801245242,0.0003465730696916,0.0009469531942158,感情特化,3,True,1703
ついべ,0.0007556537290414,0.0001909246792395,0.0009465784082809,感情特化,3,True,1704
福岡,0.0007264651358127,0.000220059727629,0.0009465248634417,感情特化,2,True,1705
規則,0.00072474591434,0.0002214970688025,0.0009462429831425,感情特化,2,True,1706
伝える,0.000684748653595,0.0002606936344286,0.0009454422880235999,感情特化,3,True,1708
理解まる,0.0005066955927759,0.0004383487394079,0.0009450443321838,感情特化,4,True,1709
人工,0.0005724318748848,0.0003712937574494,0.0009437256323342,感情特化,2,True,1713
聴い,0.000812434280912,0.0001294907359849,0.0009419250168969,感情特化,2,True,1716
文章,0.0007448754764682,0.0001963727234855,0.0009412481999537,感情特化,2,True,1719
条件,0.0007782054062073,0.0001625819848133,0.0009407873910206,感情特化,2,True,1720
空間,0.0005549201741814,0.0003858339041471,0.0009407540783285,感情特化,2,True,1721
明らか,0.0007372692227363,0.0002023607492446,0.0009396299719809,感情特化,3,True,1723
対応,0.0007930992507055,0.0001463022876958,0.0009394015384013,感情特化,2,True,1724
立てる,0.0007165127566882,0.0002212175833327,0.0009377303400209,感情特化,3,True,1727
化学,0.000731260598974,0.000205884398298,0.000937144997272,感情特化,2,True,1729
レポートしかっ,0.0006538733839988,0.0002832666039466,0.0009371399879454,感情特化,7,True,1730
続い,0.0005304689208666,0.0004064713915189,0.0009369403123854999,感情特化,2,True,1732
反論,0.0005728935116323,0.0003630020495118,0.0009358955611441,感情特化,2,True,1734
施設,0.0006381353097302,0.0002971376691545,0.0009352729788847,感情特化,2,True,1736
forms,0.0007002664996044,0.0002345687576702,0.0009348352572746,感情特化,5,False,1739
同様,0.0005520687335067,0.0003820041815439,0.0009340729150506,感情特化,2,True,1742
指し,0.0006806924939155,0.0002532467246055,0.000933939218521,感情特化,2,True,1743
難しいっ,0.0005494117736816,0.0003839969635009,0.0009334087371825,感情特化,4,True,1748
こまめ,0.0005460132268213,0.0003866423808393,0.0009326556076605999,感情特化,3,True,1749
まし題,0.0007275475987366,0.0002049426947321,0.0009324902934687,感情特化,3,True,1750
重ねる,0.000572566183344,0.0003594847456101,0.0009320509289541,感情特化,3,True,1751
超え,0.0005367502570152,0.0003946974873542,0.0009314477443694001,感情特化,2,True,1752
やすくかり,0.0006840364897952,0.0002473518252372,0.0009313883150324,感情特化,5,True,1753
CD,0.0006204030166069,0.0003106712053219,0.0009310742219288,感情特化,2,False,1754
とてもしかっ,0.0006951886572335,0.0002357495458502,0.0009309382030836999,感情特化,6,True,1755
なぜ,0.0007005931326636,0.0002303127613332,0.0009309058939968,感情特化,2,True,1756
サークル,0.0006288580596446,0.000300495326519,0.0009293533861636,感情特化,4,True,1759
知り合い,0.0006438216992786,0.0002854221633502,0.0009292438626287999,感情特化,4,True,1760
AI,0.0007400998111927,0.0001891358106425,0.0009292356218351999,感情特化,2,False,1761
解く,0.0007893378337224,0.0001398486793041,0.0009291865130265,感情特化,2,True,1762
酵素,0.0006688787705368,0.0002589068479008,0.0009277856184375999,感情特化,2,True,1764
扱い,0.0005352740459468,0.0003920427483061,0.0009273167942529001,感情特化,2,True,1766
実用,0.000685250496163,0.0002405429806779,0.0009257934768408999,感情特化,2,True,1767
強かっ,0.0007860374947388,0.0001397257049878,0.0009257631997266001,感情特化,3,True,1768
やっ,0.0005207315457141,0.0004043568638277,0.0009250884095417999,感情特化,2,True,1769
いけ,0.0006704993663341,0.0002542523388552,0.0009247517051892999,感情特化,2,True,1771
申し訳,0.0006456296624881,0.000278624306832,0.0009242539693201,感情特化,3,True,1774
機能,0.0007216189470556,0.0002023997820085,0.0009240187290641,感情特化,2,True,1775
フィルタ,0.0007226220332086,0.0002002855762839,0.0009229076094924999,感情特化,4,True,1777
教えい,0.0005637038913038,0.0003587529063224,0.0009224567976262,感情特化,3,True,1779
中盤,0.0008223745971918,9.926874190568924e-05,0.0009216433390974892,感情特化,2,True,1782
予防,0.0007196157239377,0.0002019377425312,0.0009215534664689,感情特化,2,True,1783
分かり,0.0007682537107684,0.0001530651818267,0.0009213188925951,感情特化,3,True,1784
入れる,0.0005901516415178,0.0003302975868185,0.0009204492283363,感情特化,3,True,1786
飛ばし,0.0006076193281582,0.00031271896192,0.0009203382900782001,感情特化,3,True,1787
とてもかり,0.0005806826055049,0.0003390618910392,0.0009197444965441,感情特化,5,True,1788
だいぶ,0.0006017793308604,0.0003172819587317,0.0009190612895921,感情特化,3,True,1790
苦手,0.0005116479052633,0.0004071082050243,0.0009187561102876,感情特化,2,True,1791
とっ,0.0005183866117856,0.0003998936684448,0.0009182802802303999,感情特化,2,True,1793
変える,0.0005458341911435,0.0003724268948038,0.0009182610859473,感情特化,3,True,1794
繰り返し,0.0006288714382959,0.0002892347781554,0.0009181062164513,感情特化,4,True,1795
幕府,0.0006434060633182,0.00027420785692,0.0009176139202381999,感情特化,2,True,1796
安定,0.0005439564585685,0.0003736205399036,0.0009175769984721,感情特化,2,True,1797
測定,0.0005957700777798,0.0003215475007891,0.0009173175785689,感情特化,2,True,1799
突然,0.0005923248827457,0.0003238841891288,0.0009162090718744999,感情特化,2,True,1800
しっかりい,0.0007161557053526,0.0002000158031781,0.0009161715085307,感情特化,5,True,1801
遠隔,0.0006722070469424,0.0002433673189631,0.0009155743659055001,感情特化,2,True,1802
多角,0.000561686232686,0.0003536380827426,0.0009153243154286,感情特化,2,True,1803
部分習,0.0007258995125691,0.0001894111434618,0.0009153106560309001,感情特化,3,True,1804
いざ,0.0007103625684976,0.0002044749756654,0.000914837544163,感情特化,2,True,1805
一番,0.0006472565780539,0.0002670067302677,0.0009142633083216,感情特化,2,True,1807
詳しくべ,0.0007162871992304,0.0001979362042177,0.0009142234034481,感情特化,4,True,1809
総合,0.0007369086146354,0.0001769766211509,0.0009138852357862999,感情特化,2,True,1810
観光,0.0005042350126637,0.0004087512691815,0.0009129862818451999,感情特化,2,True,1811
深い,0.0006342693231999,0.0002785230246491,0.000912792347849,感情特化,2,True,1812
会話,0.0005440968189308,0.0003683538370424,0.0009124506559732,感情特化,2,True,1814
細かい,0.0008036856067507,0.0001086002751572,0.0009122858819079,感情特化,3,True,1816
見る,0.0006758850710145,0.0002356952848448,0.0009115803558593001,感情特化,2,True,1817
すぎる,0.0006793797750708,0.000232152430944,0.0009115322060148,感情特化,3,True,1818
開く,0.0006845823178688,0.0002259823183218,0.0009105646361906,感情特化,2,True,1821
暗号,0.0007250008306332,0.000185523714338,0.0009105245449712,感情特化,2,True,1823
Adobe,0.0006612491394792,0.0002489845667566,0.0009102337062358,感情特化,5,False,1824
科目修,0.0005757367859284,0.0003342994799216,0.00091003626585,感情特化,3,True,1826
バイト,0.0007772987915409,0.0001325913601451,0.000909890151686,感情特化,3,True,1828
くれかり,0.0006683304121619,0.0002410356935701,0.000909366105732,感情特化,4,True,1830
現状,0.0006565720235046,0.0002525490953734,0.000909121118878,感情特化,2,True,1831
行為,0.0005492658043901,0.0003591428200403,0.0009084086244303999,感情特化,2,True,1833
がち,0.0006254230840848,0.00028251684629,0.0009079399303748,感情特化,2,True,1836
書き,0.0007203945434755,0.0001870167255401,0.0009074112690156001,感情特化,2,True,1840
とてものしかっ,0.0006827827956941,0.0002244619859589,0.0009072447816529999,感情特化,7,True,1841
テキスト,0.0007616677687744,0.0001452763596277,0.0009069441284021,感情特化,4,True,1843
ます修,0.0005635574460029,0.0003425970673561,0.000906154513359,感情特化,3,True,1848
だっ習,0.0006801940500736,0.0002256167431672,0.0009058107932407999,感情特化,3,True,1849
喋り,0.0005679689347743,0.0003369078040122,0.0009048767387865001,感情特化,2,True,1852
内容しかっ,0.0007145235196073,0.0001899382456185,0.0009044617652258,感情特化,5,True,1853
学科,0.000630198596198,0.0002739034959527,0.0009041020921507,感情特化,2,True,1854
機会,0.0007523281231121,0.0001515553771221,0.0009038835002342,感情特化,2,True,1855
全体,0.0007183791400448,0.0001843231684953,0.0009027023085401,感情特化,2,True,1857
たら,0.0005629831557517,0.0003391424770312,0.0009021256327829,感情特化,2,True,1860
ハードル,0.0006373270104328,0.0002647923926512,0.0009021194030839999,感情特化,4,True,1861
はじめて,0.0007142202618221,0.0001878688732782,0.0009020891351003,感情特化,4,True,1862
ござい,0.0007146505301652,0.0001867113814997,0.0009013619116649,感情特化,3,True,1865
計算しかっ,0.0005052164196968,0.0003952317767673,0.0009004481964641,感情特化,5,True,1869
だろう,0.0007126607466489,0.000187674164772,0.0009003349114208999,感情特化,3,True,1870
やすかっ習,0.0007542517036199,0.0001456603407859,0.0008999120444058,感情特化,5,True,1871
よりしかっ,0.0006584185449516,0.0002405888894025,0.0008990074343541001,感情特化,5,True,1873
たつ,0.0007010319580634,0.0001973994076251,0.0008984313656885,感情特化,2,True,1875
協調,0.0006653113911549,0.0002330823077095,0.0008983936988644,感情特化,2,True,1876
です書,0.0005327055937257,0.0003641514942563,0.000896857087982,感情特化,3,True,1880
参考き,0.0007185084237293,0.0001776238734071,0.0008961322971364,感情特化,3,True,1882
藤井,0.0006854481995105,0.0002099126577377,0.0008953608572481999,感情特化,2,True,1883
行く,0.0006874140419133,0.0002078275020058,0.0008952415439191,感情特化,2,True,1884
てれ,0.0006267327283109,0.0002682054681437,0.0008949381964546,感情特化,2,True,1885
生活立て,0.0006191097199916,0.0002755088110764,0.000894618531068,感情特化,4,True,1886
学習,0.0006691507159138,0.0002253712484921,0.0008945219644059,感情特化,2,True,1887
事故,0.0005049742758274,0.0003890125080943,0.0008939867839217001,感情特化,2,True,1888
感想,0.000549308839254,0.0003442366723902,0.0008935455116442,感情特化,2,True,1890
ほしかっ,0.0007112992336293,0.0001816813148067,0.000892980548436,感情特化,4,True,1891
読ま,0.0005057651549577,0.0003870926797389,0.0008928578346966,感情特化,2,True,1892
河川,0.0007480693360169,0.0001445425053437,0.0008926118413606001,感情特化,2,True,1893
短く,0.0005057724192738,0.0003862393399079,0.0008920117591817,感情特化,2,True,1894
代数習,0.0007434621453285,0.0001484982669353,0.0008919604122637999,感情特化,3,True,1895
最低,0.0006641785800457,0.0002275246381759,0.0008917032182216001,感情特化,2,True,1896
挨拶,0.0005367875099182,0.0003543607890605,0.0008911482989787001,感情特化,2,True,1898
見受け,0.000554313417524,0.0003367215394973,0.0008910349570213001,感情特化,3,True,1899
大人,0.00055195055902,0.0003384783864021,0.0008904289454221001,感情特化,2,True,1900
初めて,0.0005625835555011,0.0003275920670676,0.0008901756225687,感情特化,3,True,1901
頼り,0.0005675119658311,0.000321274002393,0.0008887859682241001,感情特化,2,True,1905
捉える,0.0006495815302644,0.0002388869013105,0.0008884684315749,感情特化,3,True,1906
考える,0.000618567584249,0.0002696791179175,0.0008882467021664999,感情特化,3,True,1907
いかが,0.0006158363074064,0.0002717591822147,0.0008875954896210999,感情特化,3,True,1910
単位,0.0007161830500182,0.0001713685967304,0.0008875516467486,感情特化,2,True,1911
活躍,0.0005353848849024,0.0003520835723195,0.0008874684572219001,感情特化,2,True,1913
広く,0.0006043724050479,0.0002814653728689,0.0008858377779168,感情特化,2,True,1920
設け,0.0005623489956964,0.0003230402415448,0.0008853892372411999,感情特化,2,True,1921
時間っ,0.0005619257688522,0.0003233224153518,0.0008852481842040001,感情特化,3,True,1923
プログラミングべ,0.0007148042321205,0.0001703456044197,0.0008851498365402,感情特化,8,True,1926
動く,0.0006765967441929,0.0002079187995857,0.0008845155437786,感情特化,2,True,1927
つけれ,0.0005791368894279,0.0003052148967981,0.000884351786226,感情特化,3,True,1928
アーカイブ,0.0006435923278331,0.0002404391765594,0.0008840315043925,感情特化,5,True,1929
不思議,0.000677203759551,0.0002062618732452,0.0008834656327962,感情特化,3,True,1930
すぎ,0.000625933887778,0.0002574168775283,0.0008833507653063001,感情特化,2,True,1931
出会っ,0.0007034502923488,0.0001797229051589,0.0008831731975077,感情特化,3,True,1933
しまっ学,0.0007037841714918,0.0001784674823284,0.0008822516538201999,感情特化,4,True,1934
あっかっ,0.0007664124880518,0.0001155042222567,0.0008819167103085,感情特化,4,True,1937
とき,0.0006699180383174,0.0002119810924597,0.0008818991307771,感情特化,2,True,1938
願い,0.0006840203755668,0.0001974607608756,0.0008814811364424001,感情特化,2,True,1939
連絡,0.0007518545538187,0.0001284733414649,0.0008803278952836,感情特化,2,True,1941
交え,0.0006916976758632,0.0001884743828198,0.0008801720586829999,感情特化,2,True,1942
基礎習,0.0006005242466926,0.0002787321805953,0.0008792564272879001,感情特化,3,True,1944
心配,0.0006806828965575,0.0001984500026298,0.0008791328991873,感情特化,2,True,1945
楽しくべる,0.0006196163594722,0.0002573460340499,0.0008769623935220999,感情特化,5,True,1949
イントネーション,0.0005881237712773,0.0002884126522324,0.0008765364235097,感情特化,8,True,1952
良かっ,0.0006805811472778,0.0001958206129473,0.0008764017602251,感情特化,3,True,1954
演習習,0.0005637721882926,0.0003111569417847,0.0008749291300773,感情特化,3,True,1956
向け,0.0006882898716462,0.0001865057481659,0.0008747956198121,感情特化,2,True,1957
出題,0.0005515520848954,0.0003231594649453,0.0008747115498407,感情特化,2,True,1958
方針,0.0006479127332568,0.0002267571787039,0.0008746699119606999,感情特化,2,True,1959
合同,0.0005765654146671,0.0002977192401885,0.0008742846548556,感情特化,2,True,1960
暮らし,0.0005062625688665,0.0003673863761565,0.0008736489450229999,感情特化,3,True,1962
パワポ,0.0007261879121263,0.0001474401603142,0.0008736280724405,感情特化,3,True,1963
エクセル,0.0007179625379511,0.0001552853780456,0.0008732479159966999,感情特化,4,True,1965
保存,0.0007317001000046,0.0001397160813212,0.0008714161813258,感情特化,2,True,1972
住ん,0.0006628667229208,0.0002071996187341,0.0008700663416549,感情特化,2,True,1974
ソース,0.0005939111113548,0.0002758707851171,0.0008697818964719,感情特化,3,True,1975
問題題,0.0006686182958739,0.0002010262438229,0.0008696445396968,感情特化,3,True,1976
動作,0.0006192428793044,0.0002499775208057,0.0008692204001101,感情特化,2,True,1977
通信,0.0005243673528495,0.000344676210692,0.0008690435635415,感情特化,2,True,1980
SDGs,0.0006733526475727,0.0001949407160282,0.0008682933636009001,感情特化,4,False,1982
続け,0.0006914576981216,0.0001764805987477,0.0008679382968692999,感情特化,2,True,1983
理解かっ,0.0005828912059466,0.000282526637117,0.0008654178430636001,感情特化,4,True,1990
一言,0.000678718322888,0.0001866249367594,0.0008653432596474,感情特化,2,True,1991
アドバンス,0.0005776962886253,0.0002860662837823,0.0008637625724076,感情特化,5,True,1997
もらう,0.0006981662643904,0.0001655261624943,0.0008636924268847,感情特化,3,True,1998
好き,0.0006790891562768,0.000184527690966,0.0008636168472428,感情特化,2,True,1999
時事,0.000735567882657,0.0001277197152376,0.0008632875978946001,感情特化,2,True,2000
条約,0.0006278040153639,0.0002335235476493,0.0008613275630131999,感情特化,2,True,2005
文学,0.0007213135992271,0.0001397112357443,0.0008610248349714,感情特化,2,True,2006
拡大,0.0006218038499355,0.000239148736,0.0008609525859355,感情特化,2,True,2008
土屋,0.0006429646164178,0.000217798165977,0.0008607627823948,感情特化,2,True,2009
までべ,0.0006827610943998,0.0001778219427381,0.0008605830371379,感情特化,3,True,2010
ため修,0.0005963376412789,0.0002641640603542,0.0008605017016331,感情特化,3,True,2011
不利,0.0006387388954559,0.0002214697500069,0.0008602086454628,感情特化,2,True,2013
教える,0.000691813175325,0.0001681165562735,0.0008599297315984999,感情特化,3,True,2015
フィードバック,0.0007024303078651,0.0001564316451549,0.00085886195302,感情特化,7,True,2016
辛い,0.0007487556764057,0.0001091254608971,0.0008578811373028,感情特化,2,True,2019
着ける,0.0005970907815057,0.0002604120507322,0.0008575028322378999,感情特化,3,True,2020
政治,0.0006745689681598,0.0001818194985389,0.0008563884666987,感情特化,2,True,2023
メリット,0.0006938278675079,0.0001609116792678,0.0008547395467757,感情特化,4,True,2028
ケース,0.0005851553546057,0.0002676347891489,0.0008527901437546,感情特化,3,True,2031
相手,0.0006947132060304,0.0001571460161358,0.0008518592221662,感情特化,2,True,2035
ちゃんと,0.000575396670822,0.0002755676250019,0.0008509642958238999,感情特化,4,True,2036
密接,0.0005318212012449,0.0003172606229782,0.0008490818242230999,感情特化,2,True,2040
心理,0.0005910946408639,0.0002579034985722,0.0008489981394361,感情特化,2,True,2041
終わっ,0.0005969503113339,0.0002518675981029,0.0008488179094368,感情特化,3,True,2044
学校,0.0005553131711415,0.0002931662919846,0.0008484794631261,感情特化,2,True,2045
加え,0.0006314550949768,0.0002165518701076,0.0008480069650844001,感情特化,2,True,2048
かかわる,0.0005212711791197,0.0003262294663323,0.000847500645452,感情特化,4,True,2050
でき末,0.0005766011774539,0.0002706795930862,0.0008472807705401,感情特化,3,True,2052
改めて感,0.0006815897566931,0.0001649441463606,0.0008465339030537,感情特化,4,True,2053
意図,0.0006133032341798,0.0002330671995878,0.0008463704337675999,感情特化,2,True,2054
動かし,0.0005649645208266,0.0002812995460995,0.0008462640669261,感情特化,3,True,2055
返し,0.0007015417974728,0.0001431445662791,0.0008446863637519,感情特化,2,True,2060
世の中,0.0005957928040753,0.000248031447763,0.0008438242518383,感情特化,3,True,2063
合成,0.0005598636344075,0.0002832189202308,0.0008430825546383,感情特化,2,True,2065
他者,0.0005745833118756,0.0002679573992888,0.0008425407111644001,感情特化,2,True,2068
意見け,0.0006848640739917,0.0001574993133544,0.0008423633873461,感情特化,3,True,2069
テストしかっ,0.0007058451573053,0.000134668747584,0.0008405139048893,感情特化,6,True,2070
とてもしい,0.0005071021616458,0.0003321535885334,0.0008392557501791999,感情特化,5,True,2075
エクスプレス,0.0005290489643812,0.0003087759017944,0.0008378248661756,感情特化,6,True,2081
チェック,0.0006823125421195,0.000155331315221,0.0008376438573405,感情特化,4,True,2082
知り,0.0007001327400186,0.0001359202824862,0.0008360530225048,感情特化,2,True,2084
再度,0.0005085564085415,0.0003270517502512,0.0008356081587927,感情特化,2,True,2086
当初,0.0005480491866668,0.0002870069195826,0.0008350561062493999,感情特化,2,True,2087
そこ,0.0006323640609716,0.0002022537269762,0.0008346177879478001,感情特化,2,True,2089
選択,0.0005374084880102,0.000297004551585,0.0008344130395952,感情特化,2,True,2090
リスク,0.0006583618621031,0.0001755766570568,0.0008339385191599,感情特化,3,True,2091
前期か,0.0005126488395035,0.0003198646008968,0.0008325134404003,感情特化,3,True,2097
聞く,0.0006414712028426,0.0001910372274596,0.0008325084303022,感情特化,2,True,2098
埋め,0.0006724121049046,0.0001587481237947,0.0008311602286993,感情特化,2,True,2100
与える,0.000550320228705,0.0002801166130946,0.0008304368417996,感情特化,3,True,2105
おかしい,0.0005082753486931,0.0003219461068511,0.0008302214555441999,感情特化,4,True,2107
続ける,0.0005401243620059,0.0002893367234398,0.0008294610854457,感情特化,3,True,2110
アワー,0.0005532402326078,0.0002759002587374,0.0008291404913451999,感情特化,3,True,2112
一気,0.0005656192079186,0.000262688845396,0.0008283080533146001,感情特化,2,True,2114
ディスカッション,0.0005680636635848,0.0002594681418671,0.0008275318054519,感情特化,8,True,2117
取り組める,0.0007027556237421,0.0001235321948402,0.0008262878185823,感情特化,5,True,2118
認知,0.0007699720561504,5.585402250289917e-05,0.0008258260786532993,感情特化,2,True,2120
無事,0.0006564494222402,0.0001690201461315,0.0008254695683717,感情特化,2,True,2121
もつ,0.0006137188524007,0.000210578739643,0.0008242975920437,感情特化,2,True,2124
話し合い,0.0006506709472798,0.000173542057959,0.0008242130052387999,感情特化,4,True,2126
なる,0.0005418508046952,0.0002817304928582,0.0008235812975534,感情特化,2,True,2128
やら,0.0006143630539276,0.0002091891911565,0.0008235522450840999,感情特化,2,True,2129
オン,0.0005089159464416,0.0003142147206513,0.0008231306670929001,感情特化,2,True,2131
いえる,0.0005820959806442,0.0002410054206848,0.000823101401329,感情特化,3,True,2133
必須,0.0005368060121933,0.0002858356883128,0.0008226417005061,感情特化,2,True,2134
シーン,0.0006847232580184,0.0001361653208732,0.0008208885788916,感情特化,3,True,2137
映し,0.0005720807239413,0.000248291529715,0.0008203722536562999,感情特化,2,True,2140
迷惑,0.0005862700160254,0.0002334676682949,0.0008197376843203,感情特化,2,True,2142
あっしかっ,0.000540595036,0.0002790875732898,0.0008196826092898,感情特化,5,True,2143
関連,0.0006435751709916,0.0001753707066041,0.0008189458775957,感情特化,2,True,2144
物理,0.000563240349123,0.0002546099466452,0.0008178502957682,感情特化,2,True,2146
貿易,0.0005306868868715,0.0002870621050105,0.000817748991882,感情特化,2,True,2147
出身,0.0005471011002858,0.0002698947985967,0.0008169958988825,感情特化,2,True,2153
導体,0.0005883704870939,0.0002275972116378,0.0008159676987317,感情特化,2,True,2156
モニター,0.0006976903726657,0.0001180979112784,0.0008157882839441,感情特化,4,True,2157
おい,0.0005943054082485,0.0002210472088659,0.0008153526171144,感情特化,2,True,2158
民俗,0.0005784588442607,0.0002368034964258,0.0008152623406865,感情特化,2,True,2159
生命,0.0006285675490895,0.0001865968108177,0.0008151643599072,感情特化,2,True,2160
資料題,0.0005868755280971,0.000227503478527,0.0008143790066241,感情特化,3,True,2163
例え話,0.0005859050899744,0.0002281948924064,0.0008140999823808,感情特化,3,True,2164
ぐらい,0.0006709825247526,0.0001422108616679,0.0008131933864205,感情特化,3,True,2167
誕生,0.0005767971277236,0.0002362877130508,0.0008130848407744,感情特化,2,True,2168
科学,0.0006301009024565,0.000182681549818,0.0008127824522745,感情特化,2,True,2170
くれ,0.0006225156191159,0.0001902367709807,0.0008127523900965999,感情特化,2,True,2171
統計,0.0005241727095938,0.0002872823707519,0.0008114550803457,感情特化,2,True,2172
徐々,0.0006870239973068,0.0001241210103034,0.0008111450076102,感情特化,2,True,2173
打ち込む,0.0005048885941505,0.000304453074932,0.0008093416690825,感情特化,4,True,2178
られる,0.0005864508890459,0.0002225635784306,0.0008090144674765,感情特化,3,True,2179
工作,0.0006002860821106,0.0002086331898515,0.0008089192719621,感情特化,2,True,2180
しまい,0.0006203214455952,0.00018830421841,0.0008086256640052,感情特化,3,True,2182
勉強張っ,0.0005294624716043,0.0002790242433547,0.000808486714959,感情特化,4,True,2183
文化,0.0006868031674197,0.0001216151175044,0.0008084182849241,感情特化,2,True,2184
価値,0.0005846258930184,0.0002220227862849,0.0008066486793033,感情特化,2,True,2192
行なう,0.0005828283727169,0.0002236470580101,0.0008064754307269999,感情特化,3,True,2194
する習,0.0005950550906933,0.0002113678134404,0.0008064229041337,感情特化,3,True,2195
配分,0.000596871599555,0.0002095396630465,0.0008064112626014999,感情特化,2,True,2196
さえ,0.0005602364738782,0.0002460689062163,0.0008063053800944999,感情特化,2,True,2197
なかなか,0.0005357174728161,0.0002684413304186,0.0008041588032347,感情特化,4,True,2201
てる,0.0006018099867231,0.0002011724603854,0.0008029824471085,感情特化,2,True,2203
がんばれ,0.000615020096302,0.0001878842711448,0.0008029043674468,感情特化,4,True,2204
上げ,0.0005109846930612,0.0002917437390847,0.0008027284321459,感情特化,2,True,2205
留学,0.0006046204225105,0.0001980986665276,0.0008027190890381,感情特化,2,True,2206
努力,0.000589780356796,0.0002108973557831,0.0008006777125791,感情特化,2,True,2216
要領,0.0006056940183043,0.0001931255683302,0.0007988195866345,感情特化,2,True,2220
中野,0.0005988558488232,0.0001991508262498,0.0007980066750730001,感情特化,2,True,2222
反応,0.0005906471610069,0.000204861164093,0.0007955083250999,感情特化,2,True,2229
ヶ月,0.00055368617177,0.0002413516243298,0.0007950377960998,感情特化,2,True,2230
微分,0.0005216928832049,0.0002731248516167,0.0007948177348216,感情特化,2,True,2232
過ぎ,0.0006392010798056,0.000155139217774,0.0007943402975796,感情特化,2,True,2234
ウィンドウ,0.0005502790212631,0.0002428486943244,0.0007931277155875,感情特化,5,True,2239
協力,0.0005046149887424,0.0002880946768021,0.0007927096655445001,感情特化,2,True,2241
終盤,0.0005797587335109,0.0002122946083545,0.0007920533418654,感情特化,2,True,2243
地理,0.0006380296415752,0.0001537715671239,0.0007918012086991001,感情特化,2,True,2244
事態,0.0005532693117856,0.0002373347679773,0.0007906040797628999,感情特化,2,True,2245
まし末,0.0006536375731229,0.0001367077231407,0.0007903452962636,感情特化,3,True,2247
いれ,0.0006362656284062,0.0001537534179257,0.0007900190463319,感情特化,2,True,2249
加工,0.0005585004885991,0.0002297523121039,0.0007882528007029999,感情特化,2,True,2253
継続,0.0005689370592958,0.0002188961756856,0.0007878332349813999,感情特化,2,True,2255
CAD,0.0005864662906298,0.0002013436303688,0.0007878099209986,感情特化,3,False,2256
ことけ,0.0005552738904953,0.0002322793006896,0.0007875531911849,感情特化,3,True,2258
政策,0.0006255426444113,0.0001618230715394,0.0007873657159507,感情特化,2,True,2259
本気,0.0005132913589477,0.0002728372812271,0.0007861286401748,感情特化,2,True,2264
探求,0.000570511072874,0.0002154812216758,0.0007859922945498,感情特化,2,True,2266
ない張っ,0.0005251884460449,0.0002591431140899,0.0007843315601348,感情特化,4,True,2269
探す,0.0005748567099754,0.0002080310995762,0.0007828878095515999,感情特化,2,True,2271
次期修,0.0005341348134809,0.0002471440368228,0.0007812788503036999,感情特化,3,True,2276
うける,0.0005938876420259,0.0001868774232111,0.0007807650652369999,感情特化,3,True,2280
ハードウェア,0.0006247997283935,0.0001547038555145,0.000779503583908,感情特化,6,True,2283
選ば,0.0005540244281291,0.0002251997590065,0.0007792241871356,感情特化,2,True,2284
Arduino,0.0005091919253269,0.0002696389953295,0.0007788309206564001,感情特化,7,False,2286
組ん,0.0006258744550378,0.0001528912076824,0.0007787656627202,感情特化,2,True,2287
捉え,0.0005799580146284,0.0001984808374853,0.0007784388521137,感情特化,2,True,2288
後日,0.0006612533969538,0.0001170220119612,0.000778275408915,感情特化,2,True,2290
色々け,0.0005792327225208,0.000197610259056,0.0007768429815768,感情特化,3,True,2296
アウトプット,0.0005436519781748,0.0002320592602094,0.0007757112383842,感情特化,6,True,2298
ビーイング,0.000651508718729,0.0001238298416137,0.0007753385603427,感情特化,5,True,2300
異なり,0.0005920673203137,0.0001821824245982,0.0007742497449119,感情特化,3,True,2303
終わる,0.0006539575341675,0.0001200723151365,0.000774029849304,感情特化,3,True,2304
物事,0.0005664352469051,0.0002055875957012,0.0007720228426063,感情特化,2,True,2308
自然,0.0005546551838051,0.0002171068917959,0.0007717620756009999,感情特化,2,True,2309
テストら,0.0005836762487888,0.0001864999532699,0.0007701762020587,感情特化,4,True,2311
センター,0.0005596168339252,0.0002104729413986,0.0007700897753238,感情特化,4,True,2312
マップ,0.0005911765620112,0.0001784569273392,0.0007696334893504,感情特化,3,True,2317
努め,0.0005693281483319,0.0001997987015379,0.0007691268498697999,感情特化,2,True,2318
ボード,0.0005191519324268,0.0002493203750678,0.0007684723074946,感情特化,3,True,2322
です題,0.0005739568173885,0.0001921281218528,0.0007660849392413,感情特化,3,True,2327
使用,0.000589664184278,0.0001761827978395,0.0007658469821175,感情特化,2,True,2328
接し,0.000594767874905,0.0001693000750882,0.0007640679499932,感情特化,2,True,2337
抗議,0.0005012555047869,0.00026177149266,0.0007630269974469,感情特化,2,True,2340
尽力所,0.0007031567394733,5.947202444076538e-05,0.0007626287639140654,感情特化,3,True,2341
注意,0.0006230741511194,0.0001386854873628,0.0007617596384822,感情特化,2,True,2343
きっかけ,0.0005281311824269,0.0002323506966881,0.000760481879115,感情特化,4,True,2347
大幅,0.0005553282797336,0.0002050846815109,0.0007604129612445,感情特化,2,True,2348
及び,0.0006402472654978,0.0001195358733336,0.0007597831388314,感情特化,2,True,2353
べき,0.0005599073248735,0.0001988889028628,0.0007587962277362999,感情特化,2,True,2354
温暖,0.0006016226342091,0.0001571656992802,0.0007587883334893,感情特化,2,True,2355
持ち,0.0005033627233427,0.0002513816175253,0.000754744340868,感情特化,2,True,2359
知能,0.0006116463046055,0.0001430028351023,0.0007546491397078,感情特化,2,True,2361
くさい,0.0006141347810626,0.000139626674354,0.0007537614554166,感情特化,3,True,2364
ゼミナール,0.0006356009592612,0.0001172547539075,0.0007528557131687001,感情特化,5,True,2367
成り立ち,0.0005726149926582,0.0001792392383019,0.0007518542309601,感情特化,4,True,2370
形式,0.0005120625719428,0.0002382555533023,0.0007503181252450999,感情特化,2,True,2374
いろいろ,0.0005272176229105,0.0002230255993018,0.0007502432222123,感情特化,4,True,2375
マーケティング,0.000571436750201,0.0001780343934511,0.0007494711436521,感情特化,7,True,2378
望む,0.0005559204146265,0.0001922687515616,0.0007481891661881,感情特化,2,True,2385
金属錬,0.0005472302436828,0.0002009108662605,0.0007481411099432999,感情特化,3,True,2386
過去,0.0005526078519997,0.0001951155839142,0.0007477234359139,感情特化,2,True,2387
駆使,0.000685707355539,6.167590618133545e-05,0.0007473832617203354,感情特化,2,True,2391
カード,0.0005014361813664,0.0002459390088915,0.0007473751902579,感情特化,3,True,2392
公害,0.0005490214874347,0.0001944489777088,0.0007434704651435001,感情特化,2,True,2405
言動,0.0005416974425315,0.0002002328634262,0.0007419303059577,感情特化,2,True,2406
信号,0.0006220257811007,0.0001171678304672,0.0007391936115679,感情特化,2,True,2414
両方,0.0005194629016129,0.0002183347292568,0.0007377976308696999,感情特化,2,True,2415
ただ記,0.0005353689193725,0.0002016222902706,0.0007369912096431001,感情特化,3,True,2418
実際,0.0005811706690464,0.0001549137345815,0.0007360844036279,感情特化,2,True,2421
制限,0.0005732894771628,0.0001626387238502,0.0007359282010129999,感情特化,2,True,2422
交換,0.0005665273405611,0.0001690668985247,0.0007355942390858,感情特化,2,True,2423
授業る,0.0005104567855596,0.0002243921160697,0.0007348489016292999,感情特化,3,True,2424
たて,0.0005044995674065,0.0002273246645927,0.0007318242319992,感情特化,2,True,2430
伸びる,0.0005601026117801,0.0001708969473838,0.0007309995591639,感情特化,3,True,2433
違和,0.0005358904600143,0.0001929886639118,0.0007288791239261,感情特化,2,True,2439
引き,0.0005548276007175,0.0001691550016403,0.0007239826023578,感情特化,2,True,2453
こっち,0.0005496386438608,0.0001735215385754,0.0007231601824362001,感情特化,3,True,2458
特殊,0.0005561085417866,0.0001657744869589,0.0007218830287455,感情特化,2,True,2461
就い,0.0005150586366653,0.0002051457762718,0.0007202044129371,感情特化,2,True,2465
こと,0.0005656030343925,0.0001545726039016,0.0007201756382941001,感情特化,2,True,2466
直面,0.0006087118138869,0.0001113249195946,0.0007200367334815,感情特化,2,True,2467
落とし,0.000558641941651,0.0001606338697931,0.0007192758114441,感情特化,3,True,2472
研究,0.0005394582487436,0.0001796622920102,0.0007191205407538,感情特化,2,True,2473
知っ,0.0005389070835243,0.0001798924945649,0.0007187995780892,感情特化,2,True,2474
使い,0.0005242944914357,0.0001938880879762,0.0007181825794119,感情特化,2,True,2475
高校記,0.0005158379673957,0.0001970425248146,0.0007128804922103,感情特化,3,True,2486
既に,0.0006066306183735,0.0001057051122188,0.0007123357305923,感情特化,2,True,2488
少しかっ,0.0005548447370529,0.0001565996143552,0.0007114443514081,感情特化,4,True,2491
まし文,0.0005655419081449,0.0001439588765303,0.0007095007846752,感情特化,3,True,2498
反映,0.0005093802158769,0.0001986830642348,0.0007080632801117,感情特化,2,True,2502
将軍,0.0005154971033334,0.00019236728549,0.0007078643888234,感情特化,2,True,2503
性格,0.0005433194339275,0.0001636907458305,0.0007070101797579999,感情特化,2,True,2507
鑑賞,0.0005836553871631,0.0001233488321304,0.0007070042192934999,感情特化,2,True,2508
もの,0.0005055834304003,0.0002014093417866,0.0007069927721869,感情特化,2,True,2509
使う,0.0005257495403161,0.0001784841262219,0.000704233666538,感情特化,2,True,2514
予備,0.0005289554595947,0.0001744583249092,0.0007034137845039,感情特化,2,True,2517
通用,0.0005733403377234,0.0001285020262002,0.0007018423639236001,感情特化,2,True,2520
もったい,0.000542976334691,0.0001587413251399,0.0007017176598309,感情特化,4,True,2521
担当,0.0005349841667339,0.0001665473100729,0.0007015314768068,感情特化,2,True,2522
大き,0.0005260311067104,0.0001754462718963,0.0007014773786067,感情特化,2,True,2523
思う,0.0005005452399834,0.0001994887265141,0.0007000339664975001,感情特化,2,True,2527
表現,0.000524266887971,0.0001750628395778,0.0006993297275488,感情特化,2,True,2528
張っ,0.0005744367837905,0.0001244083046913,0.0006988450884817999,感情特化,2,True,2530
商品,0.0005300226621329,0.0001686261966824,0.0006986488588153001,感情特化,2,True,2531
一貫,0.0005349054932594,0.0001626029610633,0.0006975084543227,感情特化,2,True,2536
教育,0.0005099332580963,0.0001865364611148,0.0006964697192111001,感情特化,2,True,2541
はらだたしく,0.0005778620640436,0.0001172634462515,0.0006951255102951,感情特化,6,True,2544
電磁搬,0.0006007380783557,9.31277871131897e-05,0.0006938658654688897,感情特化,3,True,2548
チャンス,0.0005045322080453,0.0001884980334175,0.0006930302414627999,感情特化,4,True,2552
40,0.0005663260817527,0.0001263514161109,0.0006926774978636,感情特化,2,False,2553
繋がっ,0.0005121338322307,0.0001744652787844,0.0006865991110151,感情特化,3,True,2568
正直,0.0005138945476762,0.0001717636297489,0.0006856581774250999,感情特化,2,True,2571
分担,0.0005203586838701,0.0001627765595912,0.0006831352434613,感情特化,2,True,2574
中国,0.0005340981023276,0.000149004983113,0.0006831030854405999,感情特化,2,True,2575
期待,0.0005090087652206,0.0001729144840627,0.0006819232492833,感情特化,2,True,2577
文献,0.0005649820797973,0.0001134408844841,0.0006784229642814,感情特化,2,True,2586
タイム,0.0005017068857947,0.0001697465777397,0.0006714534635344,感情特化,3,True,2602
単に,0.000553514276232,0.0001142424132142,0.0006677566894462,感情特化,2,True,2615
見つめ,0.0005295500159263,0.0001374195728983,0.0006669695888246001,感情特化,3,True,2617
怖い,0.0005454525351524,0.0001160383224487,0.0006614908576011,感情特化,2,True,2628
特色,0.0005121597399314,0.0001452527940273,0.0006574125339587,感情特化,2,True,2638
間違っ,0.0005062399293059,0.0001496582556126,0.0006558981849185,感情特化,3,True,2643
若干,0.0005392558872699,0.000116628408432,0.0006558842957019001,感情特化,2,True,2644
移す,0.0005675576627254,7.733851671218873e-05,0.0006448961794375886,感情特化,2,True,2666
不快,0.0005361258983612,9.468793869018554e-05,0.0006308138370513856,感情特化,2,True,2698
なっ習,0.0005074962973594,8.246834789003645e-05,0.0005899646452494365,感情特化,3,True,2786
